organisme,buyer_ids,code_geographique,population,classe_taille,superficie_km2,region_administrative,mrc,proximite_fleuve_lac_riviere,type_milieu,particularites_infrastructures,source_contexte,notes
Ville de Montréal,OP-13691 | OP-13713 | OP-13840 | OP-14089 | OP-2372 | OP-2412 | OP-2465 | OP-25113 | OP-25278 | OP-2643 | OP-36325 | OP-36402 | OP-36441 | OP-36447 | OP-36459 | OP-36518 | OP-36622 | OP-47737 | OP-47830 | OP-47854 | OP-47957 | OP-59082 | OP-70333 | OP-70417 | OP-81656 | OP-81726 | OP-81789 | OP-81892 | OP-91558 | OP-91781 | OP-91784,66023,1913561,100 000 personnes et plus,431.53,Montréal (06),À compléter,À compléter,À compléter,population desservie 1936615; indice de fuites 13.84; validité des audits 64 %; consommation résidentielle 306 L/personne/jour,"Répertoire des municipalités du Québec (MAMH, publié le Fri, 25 Sep 2026 11:00:13 GMT) et Stratégie québécoise d'économie d'eau potable 2024 (MAMH); téléchargés le 2026-09-29",À compléter
Ville de Saguenay,OP-2612,94068,151946,100 000 personnes et plus,1280.39,Saguenay--Lac-Saint-Jean (02),À compléter,À compléter,À compléter,population desservie 142505; indice de fuites 2.996; validité des audits 64 %; consommation résidentielle 237 L/personne/jour,"Répertoire des municipalités du Québec (MAMH, publié le Fri, 25 Sep 2026 11:00:13 GMT) et Stratégie québécoise d'économie d'eau potable 2024 (MAMH); téléchargés le 2026-09-29",À compléter
Ville de Québec,OP-59053,23027,595190,100 000 personnes et plus,485.34,Capitale-Nationale (03),À compléter,À compléter,À compléter,population desservie 613455; indice de fuites 2.660; validité des audits 56 %; consommation résidentielle 219 L/personne/jour,"Répertoire des municipalités du Québec (MAMH, publié le Fri, 25 Sep 2026 11:00:13 GMT) et Stratégie québécoise d'économie d'eau potable 2024 (MAMH); téléchargés le 2026-09-29",À compléter
Ville de Laval,OP-36471,65005,459650,100 000 personnes et plus,266.95,Laval (13),À compléter,À compléter,À compléter,population desservie 448999; indice de fuites 6.611; validité des audits 68 %; consommation résidentielle 229 L/personne/jour,"Répertoire des municipalités du Québec (MAMH, publié le Fri, 25 Sep 2026 11:00:13 GMT) et Stratégie québécoise d'économie d'eau potable 2024 (MAMH); téléchargés le 2026-09-29",À compléter
Société de transport de Montréal,OP-36590,À compléter,À compléter,À compléter,À compléter,À compléter,À compléter,À compléter,À compléter,À compléter,À compléter,À compléter
Ville de Saint-Bruno-de-Montarville,OP-13810,58037,26887,10 000 à 49 999 personnes,43.19,Montérégie (16),À compléter,À compléter,À compléter,population desservie 26684; indice de fuites 8.300; validité des audits 68 %; consommation résidentielle 217 L/personne/jour,"Répertoire des municipalités du Québec (MAMH, publié le Fri, 25 Sep 2026 11:00:13 GMT) et Stratégie québécoise d'économie d'eau potable 2024 (MAMH); téléchargés le 2026-09-29",À compléter
MRC des Etchemins,OP-13710,AR280,17765,À compléter,1823.21,Chaudière-Appalaches (12),À compléter,À compléter,À compléter,À compléter,"Répertoire des municipalités du Québec (MAMH, publié le Fri, 25 Sep 2026 11:00:13 GMT) et Stratégie québécoise d'économie d'eau potable 2024 (MAMH); téléchargés le 2026-09-29",À compléter
Ville de Gatineau,OP-14120,81017,305437,100 000 personnes et plus,380.66,Outaouais (07),À compléter,À compléter,À compléter,population desservie 292001; indice de fuites 1.515; validité des audits 66 %; consommation résidentielle 241 L/personne/jour,"Répertoire des municipalités du Québec (MAMH, publié le Fri, 25 Sep 2026 11:00:13 GMT) et Stratégie québécoise d'économie d'eau potable 2024 (MAMH); téléchargés le 2026-09-29",À compléter
Ville de Lévis,OP-2635,25213,161582,100 000 personnes et plus,498.5,Chaudière-Appalaches (12),À compléter,À compléter,À compléter,population desservie 159594; indice de fuites 2.481; validité des audits 52 %; consommation résidentielle 214 L/personne/jour,"Répertoire des municipalités du Québec (MAMH, publié le Fri, 25 Sep 2026 11:00:13 GMT) et Stratégie québécoise d'économie d'eau potable 2024 (MAMH); téléchargés le 2026-09-29",À compléter
OMH de Montréal (OMHM),OP-13783,À compléter,À compléter,À compléter,À compléter,À compléter,À compléter,À compléter,À compléter,À compléter,À compléter,À compléter
Réseau de Transport Métropolitain (EXO),OP-2560,À compléter,À compléter,À compléter,À compléter,À compléter,À compléter,À compléter,À compléter,À compléter,À compléter,À compléter
Ville de Trois-Rivières,OP-70432,37067,149423,100 000 personnes et plus,334.2,Mauricie (04),À compléter,À compléter,À compléter,population desservie 143344; indice de fuites 6.761; validité des audits 56 %; consommation résidentielle 198 L/personne/jour,"Répertoire des municipalités du Québec (MAMH, publié le Fri, 25 Sep 2026 11:00:13 GMT) et Stratégie québécoise d'économie d'eau potable 2024 (MAMH); téléchargés le 2026-09-29",À compléter
Ville de Longueuil,OP-81602,58227,268546,100 000 personnes et plus,122.64,Montérégie (16),À compléter,À compléter,À compléter,population desservie 261516; indice de fuites 12.73; validité des audits 59 %; consommation résidentielle 250 L/personne/jour,"Répertoire des municipalités du Québec (MAMH, publié le Fri, 25 Sep 2026 11:00:13 GMT) et Stratégie québécoise d'économie d'eau potable 2024 (MAMH); téléchargés le 2026-09-29",À compléter
Réseau de transport de la Capitale,OP-70462,À compléter,À compléter,À compléter,À compléter,À compléter,À compléter,À compléter,À compléter,À compléter,À compléter,À compléter
Ville de Sherbrooke,OP-81731,43027,184478,100 000 personnes et plus,366.01,Estrie (05),À compléter,À compléter,À compléter,population desservie 168236; indice de fuites 3.076; validité des audits 65 %; consommation résidentielle 212 L/personne/jour,"Répertoire des municipalités du Québec (MAMH, publié le Fri, 25 Sep 2026 11:00:13 GMT) et Stratégie québécoise d'économie d'eau potable 2024 (MAMH); téléchargés le 2026-09-29",À compléter
MRC de Montmagny,OP-13831,AR180,22969,À compléter,1726.5,Chaudière-Appalaches (12),À compléter,À compléter,À compléter,À compléter,"Répertoire des municipalités du Québec (MAMH, publié le Fri, 25 Sep 2026 11:00:13 GMT) et Stratégie québécoise d'économie d'eau potable 2024 (MAMH); téléchargés le 2026-09-29",À compléter
Ville de Saint-Hyacinthe,OP-13742,54048,60881,50 000 à 99 999 personnes,191.28,Montérégie (16),MRC Les Maskoutains (540),À compléter,À compléter,population desservie 59327; indice de fuites 5.483; validité des audits 57 %; consommation résidentielle 156 L/personne/jour,"Répertoire des municipalités du Québec (MAMH, publié le Fri, 25 Sep 2026 11:00:13 GMT) et Stratégie québécoise d'économie d'eau potable 2024 (MAMH); téléchargés le 2026-09-29",À compléter
Ville de Rimouski,OP-81597,10043,51598,50 000 à 99 999 personnes,533.6,Bas-Saint-Laurent (01),MRC Rimouski-Neigette (100),À compléter,À compléter,population desservie 51189; indice de fuites 7.743; validité des audits 65 %; consommation résidentielle 184 L/personne/jour,"Répertoire des municipalités du Québec (MAMH, publié le Fri, 25 Sep 2026 11:00:13 GMT) et Stratégie québécoise d'économie d'eau potable 2024 (MAMH); téléchargés le 2026-09-29",À compléter
Ville de Val-d'Or,OP-81694,89008,33193,10 000 à 49 999 personnes,3979.61,Abitibi-Témiscamingue (08),MRC La Vallée-de-l'Or (890),À compléter,À compléter,population desservie 28067; indice de fuites 3.635; validité des audits 58 %; consommation résidentielle 172 L/personne/jour,"Répertoire des municipalités du Québec (MAMH, publié le Fri, 25 Sep 2026 11:00:13 GMT) et Stratégie québécoise d'économie d'eau potable 2024 (MAMH); téléchargés le 2026-09-29",À compléter
Ville de Saint-Lazare,OP-81611,71105,22917,10 000 à 49 999 personnes,67.5,Montérégie (16),MRC Vaudreuil-Soulanges (710),À compléter,À compléter,population desservie 22123; indice de fuites 2.447; validité des audits 59 %; consommation résidentielle 210 L/personne/jour,"Répertoire des municipalités du Québec (MAMH, publié le Fri, 25 Sep 2026 11:00:13 GMT) et Stratégie québécoise d'économie d'eau potable 2024 (MAMH); téléchargés le 2026-09-29",À compléter
Ville de Bois-des-Filion,OP-14081,73030,10657,10 000 à 49 999 personnes,4.26,Laurentides (15),MRC Thérèse-De Blainville (730),À compléter,À compléter,population desservie 10479; indice de fuites 5.619; validité des audits 63 %; consommation résidentielle 209 L/personne/jour,"Répertoire des municipalités du Québec (MAMH, publié le Fri, 25 Sep 2026 11:00:13 GMT) et Stratégie québécoise d'économie d'eau potable 2024 (MAMH); téléchargés le 2026-09-29",À compléter
Ville de Terrebonne,OP-81556,64008,126199,100 000 personnes et plus,158.44,Lanaudière (14),MRC Les Moulins (640),À compléter,À compléter,population desservie 127089; indice de fuites 1.334; validité des audits 60 %; consommation résidentielle 202 L/personne/jour,"Répertoire des municipalités du Québec (MAMH, publié le Fri, 25 Sep 2026 11:00:13 GMT) et Stratégie québécoise d'économie d'eau potable 2024 (MAMH); téléchargés le 2026-09-29",À compléter
Ville de Mascouche,OP-36610,64015,56649,50 000 à 99 999 personnes,107.6,Lanaudière (14),MRC Les Moulins (640),À compléter,À compléter,population desservie 54540; indice de fuites 3.482; validité des audits 64 %; consommation résidentielle 223 L/personne/jour,"Répertoire des municipalités du Québec (MAMH, publié le Fri, 25 Sep 2026 11:00:13 GMT) et Stratégie québécoise d'économie d'eau potable 2024 (MAMH); téléchargés le 2026-09-29",À compléter
Municipalité de Sainte-Julienne,OP-36576,63060,12996,1 000 à 4 999 personnes,100.36,Lanaudière (14),MRC Montcalm (630),À compléter,À compléter,population desservie 2716; indice de fuites 0.957; validité des audits 64 %; consommation résidentielle 204 L/personne/jour,"Répertoire des municipalités du Québec (MAMH, publié le Fri, 25 Sep 2026 11:00:13 GMT) et Stratégie québécoise d'économie d'eau potable 2024 (MAMH); téléchargés le 2026-09-29",À compléter
Ville de Saint-Sauveur,OP-36430,77043,12145,5 000 à 9 999 personnes,50.18,Laurentides (15),MRC Les Pays-d'en-Haut (770),À compléter,À compléter,population desservie 8320; indice de fuites 4.450; validité des audits 59 %; consommation résidentielle 215 L/personne/jour,"Répertoire des municipalités du Québec (MAMH, publié le Fri, 25 Sep 2026 11:00:13 GMT) et Stratégie québécoise d'économie d'eau potable 2024 (MAMH); téléchargés le 2026-09-29",À compléter
Ville de Repentigny,OP-25214,60013,90815,50 000 à 99 999 personnes,70.95,Lanaudière (14),MRC L'Assomption (600),À compléter,À compléter,population desservie 87980; indice de fuites 0.465; validité des audits 68 %; consommation résidentielle 211 L/personne/jour,"Répertoire des municipalités du Québec (MAMH, publié le Fri, 25 Sep 2026 11:00:13 GMT) et Stratégie québécoise d'économie d'eau potable 2024 (MAMH); téléchargés le 2026-09-29",À compléter
Ville de Drummondville,OP-36442,49058,85601,50 000 à 99 999 personnes,259.61,Centre-du-Québec (17),MRC Drummond (490),À compléter,À compléter,population desservie 80964; indice de fuites 1.351; validité des audits 65 %; consommation résidentielle 216 L/personne/jour,"Répertoire des municipalités du Québec (MAMH, publié le Fri, 25 Sep 2026 11:00:13 GMT) et Stratégie québécoise d'économie d'eau potable 2024 (MAMH); téléchargés le 2026-09-29",À compléter
Ville de Vaudreuil-Dorion,OP-14088,71083,46423,10 000 à 49 999 personnes,92.56,Montérégie (16),MRC Vaudreuil-Soulanges (710),À compléter,À compléter,population desservie 42370; indice de fuites 5.199; validité des audits 57 %; consommation résidentielle 183 L/personne/jour,"Répertoire des municipalités du Québec (MAMH, publié le Fri, 25 Sep 2026 11:00:13 GMT) et Stratégie québécoise d'économie d'eau potable 2024 (MAMH); téléchargés le 2026-09-29",À compléter
Ville de L'Assomption,OP-2490,60028,25050,10 000 à 49 999 personnes,100.99,Lanaudière (14),MRC L'Assomption (600),À compléter,À compléter,population desservie 24502; indice de fuites 1.018; validité des audits 66 %; consommation résidentielle 240 L/personne/jour,"Répertoire des municipalités du Québec (MAMH, publié le Fri, 25 Sep 2026 11:00:13 GMT) et Stratégie québécoise d'économie d'eau potable 2024 (MAMH); téléchargés le 2026-09-29",À compléter
Ville de Saint-Eustache,OP-2569,72005,47448,10 000 à 49 999 personnes,72.39,Laurentides (15),MRC Deux-Montagnes (720),À compléter,À compléter,population desservie 47344; indice de fuites 0.818; validité des audits 61 %; consommation résidentielle 309 L/personne/jour,"Répertoire des municipalités du Québec (MAMH, publié le Fri, 25 Sep 2026 11:00:13 GMT) et Stratégie québécoise d'économie d'eau potable 2024 (MAMH); téléchargés le 2026-09-29",À compléter
Ville de Rouyn-Noranda / Service des acquisitions,OP-25128,86042,43077,10 000 à 49 999 personnes,6483.97,Abitibi-Témiscamingue (08),À compléter,À compléter,À compléter,population desservie 31990; indice de fuites 7.172; validité des audits 62 %; consommation résidentielle 151 L/personne/jour,"Répertoire des municipalités du Québec (MAMH, publié le Fri, 25 Sep 2026 11:00:13 GMT) et Stratégie québécoise d'économie d'eau potable 2024 (MAMH); téléchargés le 2026-09-29",À compléter
Ville de Baie-Comeau,OP-47925,96020,20609,10 000 à 49 999 personnes,434.54,Côte-Nord (09),MRC Manicouagan (960),À compléter,À compléter,population desservie 20492; indice de fuites 4.353; validité des audits 61 %; consommation résidentielle 284 L/personne/jour,"Répertoire des municipalités du Québec (MAMH, publié le Fri, 25 Sep 2026 11:00:13 GMT) et Stratégie québécoise d'économie d'eau potable 2024 (MAMH); téléchargés le 2026-09-29",À compléter
Ville de Bromont,OP-81725,46078,12428,10 000 à 49 999 personnes,115.74,Estrie (05),MRC Brome-Missisquoi (460),À compléter,À compléter,population desservie 11583; indice de fuites 1.093; validité des audits 62 %; consommation résidentielle 222 L/personne/jour,"Répertoire des municipalités du Québec (MAMH, publié le Fri, 25 Sep 2026 11:00:13 GMT) et Stratégie québécoise d'économie d'eau potable 2024 (MAMH); téléchargés le 2026-09-29",À compléter
Ville de Westmount,OP-2390,66032,20369,Aucune donnée,4.02,Montréal (06),À compléter,À compléter,À compléter,À compléter,"Répertoire des municipalités du Québec (MAMH, publié le Fri, 25 Sep 2026 11:00:13 GMT) et Stratégie québécoise d'économie d'eau potable 2024 (MAMH); téléchargés le 2026-09-29",À compléter
Ville de Boisbriand,OP-81780,73005,29814,10 000 à 49 999 personnes,29.48,Laurentides (15),MRC Thérèse-De Blainville (730),À compléter,À compléter,population desservie 28928; indice de fuites 3.652; validité des audits 73 %; consommation résidentielle 148 L/personne/jour,"Répertoire des municipalités du Québec (MAMH, publié le Fri, 25 Sep 2026 11:00:13 GMT) et Stratégie québécoise d'économie d'eau potable 2024 (MAMH); téléchargés le 2026-09-29",À compléter
Municipalité de Brigham,OP-81784,46090,2387,Aucune donnée,88.11,Estrie (05),MRC Brome-Missisquoi (460),À compléter,À compléter,À compléter,"Répertoire des municipalités du Québec (MAMH, publié le Fri, 25 Sep 2026 11:00:13 GMT) et Stratégie québécoise d'économie d'eau potable 2024 (MAMH); téléchargés le 2026-09-29",À compléter
Ville de Blainville,OP-59226,73015,61742,50 000 à 99 999 personnes,55.39,Laurentides (15),MRC Thérèse-De Blainville (730),À compléter,À compléter,population desservie 62475; indice de fuites 2.264; validité des audits 64 %; consommation résidentielle 245 L/personne/jour,"Répertoire des municipalités du Québec (MAMH, publié le Fri, 25 Sep 2026 11:00:13 GMT) et Stratégie québécoise d'économie d'eau potable 2024 (MAMH); téléchargés le 2026-09-29",À compléter
Ville de Granby,OP-59038,47017,72078,50 000 à 99 999 personnes,155.71,Estrie (05),MRC La Haute-Yamaska (470),À compléter,À compléter,population desservie 62981; indice de fuites 2.974; validité des audits 64 %; consommation résidentielle 195 L/personne/jour,"Répertoire des municipalités du Québec (MAMH, publié le Fri, 25 Sep 2026 11:00:13 GMT) et Stratégie québécoise d'économie d'eau potable 2024 (MAMH); téléchargés le 2026-09-29",À compléter
Municipalité de Sainte-Cécile-de-Lévrard,OP-25251,38060,343,0 à 999 personnes,33.53,Centre-du-Québec (17),MRC Bécancour (380),À compléter,À compléter,population desservie 245; indice de fuites 2.007; validité des audits 51 %; consommation résidentielle 181 L/personne/jour,"Répertoire des municipalités du Québec (MAMH, publié le Fri, 25 Sep 2026 11:00:13 GMT) et Stratégie québécoise d'économie d'eau potable 2024 (MAMH); téléchargés le 2026-09-29",À compléter
Autorité régionale de transport métropolitain (ARTM),OP-25334,À compléter,À compléter,À compléter,À compléter,À compléter,À compléter,À compléter,À compléter,À compléter,À compléter,À compléter
Société d'habitation et de développement de Montréal,OP-91774,À compléter,À compléter,À compléter,À compléter,À compléter,À compléter,À compléter,À compléter,À compléter,À compléter,À compléter
Ville de Brossard,OP-47717,58007,98240,50 000 à 99 999 personnes,54.16,Montérégie (16),À compléter,À compléter,À compléter,population desservie 95006; indice de fuites 3.491; validité des audits 69 %; consommation résidentielle 201 L/personne/jour,"Répertoire des municipalités du Québec (MAMH, publié le Fri, 25 Sep 2026 11:00:13 GMT) et Stratégie québécoise d'économie d'eau potable 2024 (MAMH); téléchargés le 2026-09-29",À compléter
Ville de Victoriaville,OP-2466,39062,49854,10 000 à 49 999 personnes,86.19,Centre-du-Québec (17),MRC Arthabaska (390),À compléter,À compléter,population desservie 47888; indice de fuites 2.038; validité des audits 66 %; consommation résidentielle 207 L/personne/jour,"Répertoire des municipalités du Québec (MAMH, publié le Fri, 25 Sep 2026 11:00:13 GMT) et Stratégie québécoise d'économie d'eau potable 2024 (MAMH); téléchargés le 2026-09-29",À compléter
Municipalité de Napierville,OP-47837,68030,4177,1 000 à 4 999 personnes,4.49,Montérégie (16),MRC Les Jardins-de-Napierville (680),À compléter,À compléter,population desservie 4179; indice de fuites 5.814; validité des audits 55 %; consommation résidentielle 164 L/personne/jour,"Répertoire des municipalités du Québec (MAMH, publié le Fri, 25 Sep 2026 11:00:13 GMT) et Stratégie québécoise d'économie d'eau potable 2024 (MAMH); téléchargés le 2026-09-29",À compléter
Municipalité de Rawdon,OP-47927,62037,13124,5 000 à 9 999 personnes,193.14,Lanaudière (14),MRC Matawinie (620),À compléter,À compléter,population desservie 7406; indice de fuites 3.800; validité des audits 62 %; consommation résidentielle 196 L/personne/jour,"Répertoire des municipalités du Québec (MAMH, publié le Fri, 25 Sep 2026 11:00:13 GMT) et Stratégie québécoise d'économie d'eau potable 2024 (MAMH); téléchargés le 2026-09-29",À compléter
Ville de Boucherville,OP-81715,58033,42067,10 000 à 49 999 personnes,80.92,Montérégie (16),À compléter,À compléter,À compléter,population desservie 41880; indice de fuites 2.571; validité des audits 54 %; consommation résidentielle 244 L/personne/jour,"Répertoire des municipalités du Québec (MAMH, publié le Fri, 25 Sep 2026 11:00:13 GMT) et Stratégie québécoise d'économie d'eau potable 2024 (MAMH); téléchargés le 2026-09-29",À compléter
Ville de Dollard-des-Ormeaux,OP-36480,66142,50216,50 000 à 99 999 personnes,15.09,Montréal (06),À compléter,À compléter,À compléter,population desservie 50699; indice de fuites 3.132; validité des audits 59 %; consommation résidentielle 445 L/personne/jour,"Répertoire des municipalités du Québec (MAMH, publié le Fri, 25 Sep 2026 11:00:13 GMT) et Stratégie québécoise d'économie d'eau potable 2024 (MAMH); téléchargés le 2026-09-29",À compléter
Ville de Saint-Constant,OP-2515,67035,32108,Aucune donnée,56.09,Montérégie (16),MRC Roussillon (670),À compléter,À compléter,À compléter,"Répertoire des municipalités du Québec (MAMH, publié le Fri, 25 Sep 2026 11:00:13 GMT) et Stratégie québécoise d'économie d'eau potable 2024 (MAMH); téléchargés le 2026-09-29",À compléter
Ville de Saint-Jérôme,OP-36572,75017,85366,50 000 à 99 999 personnes,92.42,Laurentides (15),MRC La Rivière-du-Nord (750),À compléter,À compléter,population desservie 82261; indice de fuites 6.104; validité des audits 63 %; consommation résidentielle 203 L/personne/jour,"Répertoire des municipalités du Québec (MAMH, publié le Fri, 25 Sep 2026 11:00:13 GMT) et Stratégie québécoise d'économie d'eau potable 2024 (MAMH); téléchargés le 2026-09-29",À compléter
Société de Transport de l'Outaouais,OP-25225,À compléter,À compléter,À compléter,À compléter,À compléter,À compléter,À compléter,À compléter,À compléter,À compléter,À compléter
Ville de Rosemère,OP-81640,73020,14204,10 000 à 49 999 personnes,12.18,Laurentides (15),MRC Thérèse-De Blainville (730),À compléter,À compléter,population desservie 14478; indice de fuites 1.499; validité des audits 62 %; consommation résidentielle 260 L/personne/jour,"Répertoire des municipalités du Québec (MAMH, publié le Fri, 25 Sep 2026 11:00:13 GMT) et Stratégie québécoise d'économie d'eau potable 2024 (MAMH); téléchargés le 2026-09-29",À compléter
Ville de Saint-Jean-sur-Richelieu,OP-25131,56083,100967,50 000 à 99 999 personnes,233.74,Montérégie (16),MRC Le Haut-Richelieu (560),À compléter,À compléter,population desservie 98187; indice de fuites 2.665; validité des audits 65 %; consommation résidentielle 268 L/personne/jour,"Répertoire des municipalités du Québec (MAMH, publié le Fri, 25 Sep 2026 11:00:13 GMT) et Stratégie québécoise d'économie d'eau potable 2024 (MAMH); téléchargés le 2026-09-29",À compléter
Ville de Saint-Georges,OP-36450,29073,33895,10 000 à 49 999 personnes,202.48,Chaudière-Appalaches (12),MRC Beauce-Sartigan (290),À compléter,À compléter,population desservie 27818; indice de fuites 2.036; validité des audits 62 %; consommation résidentielle 193 L/personne/jour,"Répertoire des municipalités du Québec (MAMH, publié le Fri, 25 Sep 2026 11:00:13 GMT) et Stratégie québécoise d'économie d'eau potable 2024 (MAMH); téléchargés le 2026-09-29",À compléter
MRC de Bellechasse,OP-13709,AR190,39550,À compléter,1785.51,Chaudière-Appalaches (12),À compléter,À compléter,À compléter,À compléter,"Répertoire des municipalités du Québec (MAMH, publié le Fri, 25 Sep 2026 11:00:13 GMT) et Stratégie québécoise d'économie d'eau potable 2024 (MAMH); téléchargés le 2026-09-29",À compléter
Réseau de transport de Longueuil,OP-25208,À compléter,À compléter,À compléter,À compléter,À compléter,À compléter,À compléter,À compléter,À compléter,À compléter,À compléter
Ville de Prévost,OP-81619,75040,14286,5 000 à 9 999 personnes,35.15,Laurentides (15),MRC La Rivière-du-Nord (750),À compléter,À compléter,population desservie 8305; indice de fuites 3.021; validité des audits 62 %; consommation résidentielle 263 L/personne/jour,"Répertoire des municipalités du Québec (MAMH, publié le Fri, 25 Sep 2026 11:00:13 GMT) et Stratégie québécoise d'économie d'eau potable 2024 (MAMH); téléchargés le 2026-09-29",À compléter
Ville de Pointe-Claire,OP-47715,66097,37413,10 000 à 49 999 personnes,34.66,Montréal (06),À compléter,À compléter,À compléter,population desservie 38367; indice de fuites 8.760; validité des audits 61 %; consommation résidentielle 209 L/personne/jour,"Répertoire des municipalités du Québec (MAMH, publié le Fri, 25 Sep 2026 11:00:13 GMT) et Stratégie québécoise d'économie d'eau potable 2024 (MAMH); téléchargés le 2026-09-29",À compléter
Ville de Shawinigan,OP-81551,36033,51820,50 000 à 99 999 personnes,802.79,Mauricie (04),À compléter,À compléter,À compléter,population desservie 50681; indice de fuites 5.305; validité des audits 57 %; consommation résidentielle 257 L/personne/jour,"Répertoire des municipalités du Québec (MAMH, publié le Fri, 25 Sep 2026 11:00:13 GMT) et Stratégie québécoise d'économie d'eau potable 2024 (MAMH); téléchargés le 2026-09-29",À compléter
MRC de La Matanie,OP-70378,AR080,21161,À compléter,3410.78,Bas-Saint-Laurent (01),À compléter,À compléter,À compléter,À compléter,"Répertoire des municipalités du Québec (MAMH, publié le Fri, 25 Sep 2026 11:00:13 GMT) et Stratégie québécoise d'économie d'eau potable 2024 (MAMH); téléchargés le 2026-09-29",À compléter
Ville de Beauharnois,OP-36338,70022,15313,10 000 à 49 999 personnes,83.4,Montérégie (16),MRC Beauharnois-Salaberry (700),À compléter,À compléter,population desservie 14778; indice de fuites 4.622; validité des audits 64 %; consommation résidentielle 251 L/personne/jour,"Répertoire des municipalités du Québec (MAMH, publié le Fri, 25 Sep 2026 11:00:13 GMT) et Stratégie québécoise d'économie d'eau potable 2024 (MAMH); téléchargés le 2026-09-29",À compléter
Ville de Mont-Royal,OP-36446,66072,22809,10 000 à 49 999 personnes,7.46,Montréal (06),À compléter,À compléter,À compléter,population desservie 21771; indice de fuites 4.872; validité des audits 54 %; consommation résidentielle 344 L/personne/jour,"Répertoire des municipalités du Québec (MAMH, publié le Fri, 25 Sep 2026 11:00:13 GMT) et Stratégie québécoise d'économie d'eau potable 2024 (MAMH); téléchargés le 2026-09-29",À compléter
Ville de Gaspé,OP-2583,03005,15503,À compléter,1356.22,Gaspésie--Îles-de-la-Madeleine (11),MRC La Côte-de-Gaspé (030),À compléter,À compléter,indice de fuites 1.810,"Répertoire des municipalités du Québec (MAMH, publié le Fri, 25 Sep 2026 11:00:13 GMT) et Stratégie québécoise d'économie d'eau potable 2024 (MAMH); téléchargés le 2026-09-29",À compléter
Municipalité de Saint-Germain-de-Grantham,OP-2404,49048,5055,1 000 à 4 999 personnes,87.58,Centre-du-Québec (17),MRC Drummond (490),À compléter,À compléter,population desservie 4035; indice de fuites 2.587; validité des audits 75 %; consommation résidentielle 160 L/personne/jour,"Répertoire des municipalités du Québec (MAMH, publié le Fri, 25 Sep 2026 11:00:13 GMT) et Stratégie québécoise d'économie d'eau potable 2024 (MAMH); téléchargés le 2026-09-29",À compléter
Ville de Deux-Montagnes,OP-13857,72010,18482,10 000 à 49 999 personnes,7.25,Laurentides (15),MRC Deux-Montagnes (720),À compléter,À compléter,population desservie 19082; indice de fuites 12.17; validité des audits 65 %; consommation résidentielle 194 L/personne/jour,"Répertoire des municipalités du Québec (MAMH, publié le Fri, 25 Sep 2026 11:00:13 GMT) et Stratégie québécoise d'économie d'eau potable 2024 (MAMH); téléchargés le 2026-09-29",À compléter
Ville de Sainte-Anne-des-Plaines,OP-59029,73035,15874,10 000 à 49 999 personnes,94.32,Laurentides (15),MRC Thérèse-De Blainville (730),À compléter,À compléter,population desservie 15017; indice de fuites 0.463; validité des audits 59 %; consommation résidentielle 184 L/personne/jour,"Répertoire des municipalités du Québec (MAMH, publié le Fri, 25 Sep 2026 11:00:13 GMT) et Stratégie québécoise d'économie d'eau potable 2024 (MAMH); téléchargés le 2026-09-29",À compléter
Ville de Magog,OP-25196,45072,30644,10 000 à 49 999 personnes,166.72,Estrie (05),MRC Memphrémagog (450),À compléter,À compléter,population desservie 26527; indice de fuites 1.228; validité des audits 61 %; consommation résidentielle 248 L/personne/jour,"Répertoire des municipalités du Québec (MAMH, publié le Fri, 25 Sep 2026 11:00:13 GMT) et Stratégie québécoise d'économie d'eau potable 2024 (MAMH); téléchargés le 2026-09-29",À compléter
Municipalité du Canton de Hatley,OP-59088,À compléter,À compléter,À compléter,À compléter,À compléter,À compléter,À compléter,À compléter,À compléter,À compléter,À compléter
Ville de Montréal-Est,OP-47902,66007,5038,Aucune donnée,13.96,Montréal (06),À compléter,À compléter,À compléter,À compléter,"Répertoire des municipalités du Québec (MAMH, publié le Fri, 25 Sep 2026 11:00:13 GMT) et Stratégie québécoise d'économie d'eau potable 2024 (MAMH); téléchargés le 2026-09-29",À compléter
Municipalité du Canton de Stanstead,OP-47939,À compléter,À compléter,À compléter,À compléter,À compléter,À compléter,À compléter,À compléter,À compléter,À compléter,À compléter
Ville de Beloeil,OP-70319,57040,25318,10 000 à 49 999 personnes,25.4,Montérégie (16),MRC La Vallée-du-Richelieu (570),À compléter,À compléter,population desservie 24775; indice de fuites 2.931; validité des audits 63 %; consommation résidentielle 187 L/personne/jour,"Répertoire des municipalités du Québec (MAMH, publié le Fri, 25 Sep 2026 11:00:13 GMT) et Stratégie québécoise d'économie d'eau potable 2024 (MAMH); téléchargés le 2026-09-29",À compléter
Société de transport de Sherbrooke,OP-81559,À compléter,À compléter,À compléter,À compléter,À compléter,À compléter,À compléter,À compléter,À compléter,À compléter,À compléter
MRC de La Vallée-de-l'Or,OP-59246,AR890,42677,À compléter,27349.51,Abitibi-Témiscamingue (08),À compléter,À compléter,À compléter,À compléter,"Répertoire des municipalités du Québec (MAMH, publié le Fri, 25 Sep 2026 11:00:13 GMT) et Stratégie québécoise d'économie d'eau potable 2024 (MAMH); téléchargés le 2026-09-29",À compléter
Ville de Saint-Augustin-de-Desmaures,OP-70455,23072,20892,Aucune donnée,105.26,Capitale-Nationale (03),À compléter,À compléter,À compléter,indice de fuites 2.700; validité des audits 56 %; consommation résidentielle 219 L/personne/jour,"Répertoire des municipalités du Québec (MAMH, publié le Fri, 25 Sep 2026 11:00:13 GMT) et Stratégie québécoise d'économie d'eau potable 2024 (MAMH); téléchargés le 2026-09-29",À compléter
Municipalité de Labelle,OP-36623,78120,2868,Aucune donnée,215.85,Laurentides (15),MRC Les Laurentides (780),À compléter,À compléter,À compléter,"Répertoire des municipalités du Québec (MAMH, publié le Fri, 25 Sep 2026 11:00:13 GMT) et Stratégie québécoise d'économie d'eau potable 2024 (MAMH); téléchargés le 2026-09-29",À compléter
Ville de Mirabel,OP-25264,74005,68402,50 000 à 99 999 personnes,485.97,Laurentides (15),À compléter,À compléter,À compléter,population desservie 58360; indice de fuites 2.196; validité des audits 62 %; consommation résidentielle 210 L/personne/jour,"Répertoire des municipalités du Québec (MAMH, publié le Fri, 25 Sep 2026 11:00:13 GMT) et Stratégie québécoise d'économie d'eau potable 2024 (MAMH); téléchargés le 2026-09-29",À compléter
Ville de Donnacona,OP-81527,34025,7809,5 000 à 9 999 personnes,37.42,Capitale-Nationale (03),MRC Portneuf (340),À compléter,À compléter,population desservie 7648; indice de fuites 1.264; validité des audits 62 %; consommation résidentielle 203 L/personne/jour,"Répertoire des municipalités du Québec (MAMH, publié le Fri, 25 Sep 2026 11:00:13 GMT) et Stratégie québécoise d'économie d'eau potable 2024 (MAMH); téléchargés le 2026-09-29",À compléter
Ville de Thetford Mines,OP-47705,31084,27075,10 000 à 49 999 personnes,227.27,Chaudière-Appalaches (12),MRC Les Appalaches (310),À compléter,À compléter,population desservie 24784; indice de fuites 3.487; validité des audits 58 %; consommation résidentielle 270 L/personne/jour,"Répertoire des municipalités du Québec (MAMH, publié le Fri, 25 Sep 2026 11:00:13 GMT) et Stratégie québécoise d'économie d'eau potable 2024 (MAMH); téléchargés le 2026-09-29",À compléter
Ville de Saint-Joseph-de-Beauce,OP-59031,27043,5368,1 000 à 4 999 personnes,116.05,Chaudière-Appalaches (12),MRC Beauce-Centre (270),À compléter,À compléter,population desservie 4364; indice de fuites 1.538; validité des audits 61 %; consommation résidentielle 212 L/personne/jour,"Répertoire des municipalités du Québec (MAMH, publié le Fri, 25 Sep 2026 11:00:13 GMT) et Stratégie québécoise d'économie d'eau potable 2024 (MAMH); téléchargés le 2026-09-29",À compléter
Ville de Matagami,OP-70456,99015,1352,1 000 à 4 999 personnes,65.88,Nord-du-Québec (10),À compléter,À compléter,À compléter,population desservie 1278; indice de fuites 3.136; validité des audits 58 %; consommation résidentielle 268 L/personne/jour,"Répertoire des municipalités du Québec (MAMH, publié le Fri, 25 Sep 2026 11:00:13 GMT) et Stratégie québécoise d'économie d'eau potable 2024 (MAMH); téléchargés le 2026-09-29",À compléter
Ville de Saint-Raymond,OP-70317,34128,11964,5 000 à 9 999 personnes,698.19,Capitale-Nationale (03),MRC Portneuf (340),À compléter,À compléter,population desservie 6960; indice de fuites 3.207; validité des audits 64 %; consommation résidentielle 156 L/personne/jour,"Répertoire des municipalités du Québec (MAMH, publié le Fri, 25 Sep 2026 11:00:13 GMT) et Stratégie québécoise d'économie d'eau potable 2024 (MAMH); téléchargés le 2026-09-29",À compléter
MRC de la Vallée-du-Richelieu,OP-47866,AR570,137068,À compléter,604.49,Montérégie (16),À compléter,À compléter,À compléter,À compléter,"Répertoire des municipalités du Québec (MAMH, publié le Fri, 25 Sep 2026 11:00:13 GMT) et Stratégie québécoise d'économie d'eau potable 2024 (MAMH); téléchargés le 2026-09-29",À compléter
Ville de Matane,OP-81665,08053,14201,À compléter,230.43,Bas-Saint-Laurent (01),MRC La Matanie (080),À compléter,À compléter,indice de fuites 5.875,"Répertoire des municipalités du Québec (MAMH, publié le Fri, 25 Sep 2026 11:00:13 GMT) et Stratégie québécoise d'économie d'eau potable 2024 (MAMH); téléchargés le 2026-09-29",À compléter
Ville de Châteauguay,OP-25103,67050,53484,50 000 à 99 999 personnes,46.08,Montérégie (16),MRC Roussillon (670),À compléter,À compléter,population desservie 51835; indice de fuites 9.457; validité des audits 64 %; consommation résidentielle 191 L/personne/jour,"Répertoire des municipalités du Québec (MAMH, publié le Fri, 25 Sep 2026 11:00:13 GMT) et Stratégie québécoise d'économie d'eau potable 2024 (MAMH); téléchargés le 2026-09-29",À compléter
Ville de Saint-Lin-Laurentides,OP-47738,63048,26715,10 000 à 49 999 personnes,118.69,Lanaudière (14),MRC Montcalm (630),À compléter,À compléter,population desservie 12732; indice de fuites 1.588; validité des audits 57 %; consommation résidentielle 186 L/personne/jour,"Répertoire des municipalités du Québec (MAMH, publié le Fri, 25 Sep 2026 11:00:13 GMT) et Stratégie québécoise d'économie d'eau potable 2024 (MAMH); téléchargés le 2026-09-29",À compléter
Ville de Chambly,OP-81748,57005,31966,10 000 à 49 999 personnes,27.53,Montérégie (16),MRC La Vallée-du-Richelieu (570),À compléter,À compléter,population desservie 32268; indice de fuites 7.659; validité des audits 67 %; consommation résidentielle 187 L/personne/jour,"Répertoire des municipalités du Québec (MAMH, publié le Fri, 25 Sep 2026 11:00:13 GMT) et Stratégie québécoise d'économie d'eau potable 2024 (MAMH); téléchargés le 2026-09-29",À compléter
Ville d'Alma,OP-81622,93042,30734,10 000 à 49 999 personnes,232.46,Saguenay--Lac-Saint-Jean (02),MRC Lac-Saint-Jean-Est (930),À compléter,À compléter,population desservie 30611; indice de fuites 3.299; validité des audits 65 %; consommation résidentielle 187 L/personne/jour,"Répertoire des municipalités du Québec (MAMH, publié le Fri, 25 Sep 2026 11:00:13 GMT) et Stratégie québécoise d'économie d'eau potable 2024 (MAMH); téléchargés le 2026-09-29",À compléter
Municipalité des Iles-de-la-Madeleine,OP-36453,01023,12451,À compléter,33924.33,Gaspésie--Îles-de-la-Madeleine (11),À compléter,À compléter,À compléter,indice de fuites 0.609,"Répertoire des municipalités du Québec (MAMH, publié le Fri, 25 Sep 2026 11:00:13 GMT) et Stratégie québécoise d'économie d'eau potable 2024 (MAMH); téléchargés le 2026-09-29",À compléter
Office d’habitation des Laurentides,OP-20022066,À compléter,À compléter,À compléter,À compléter,À compléter,À compléter,À compléter,À compléter,À compléter,À compléter,À compléter
Ville de Montréal-Ouest,OP-70528,66047,5204,5 000 à 9 999 personnes,1.42,Montréal (06),À compléter,À compléter,À compléter,population desservie 5255; indice de fuites 7.102; validité des audits 55 %; consommation résidentielle 193 L/personne/jour,"Répertoire des municipalités du Québec (MAMH, publié le Fri, 25 Sep 2026 11:00:13 GMT) et Stratégie québécoise d'économie d'eau potable 2024 (MAMH); téléchargés le 2026-09-29",À compléter
Ville de Notre-Dame-des-Prairies,OP-13846,61030,9627,5 000 à 9 999 personnes,18.64,Lanaudière (14),MRC Joliette (610),À compléter,À compléter,population desservie 8677; indice de fuites 4.911; validité des audits 69 %; consommation résidentielle 186 L/personne/jour,"Répertoire des municipalités du Québec (MAMH, publié le Fri, 25 Sep 2026 11:00:13 GMT) et Stratégie québécoise d'économie d'eau potable 2024 (MAMH); téléchargés le 2026-09-29",À compléter
MRC de D'Autray,OP-14108,AR520,47664,À compléter,1353.56,Lanaudière (14),À compléter,À compléter,À compléter,À compléter,"Répertoire des municipalités du Québec (MAMH, publié le Fri, 25 Sep 2026 11:00:13 GMT) et Stratégie québécoise d'économie d'eau potable 2024 (MAMH); téléchargés le 2026-09-29",À compléter
Ville de Louiseville,OP-59077,51015,7606,5 000 à 9 999 personnes,63.54,Mauricie (04),MRC Maskinongé (510),À compléter,À compléter,population desservie 7875; indice de fuites 1.607; validité des audits 68 %; consommation résidentielle 230 L/personne/jour,"Répertoire des municipalités du Québec (MAMH, publié le Fri, 25 Sep 2026 11:00:13 GMT) et Stratégie québécoise d'économie d'eau potable 2024 (MAMH); téléchargés le 2026-09-29",À compléter
Municipalité de Sainte-Martine,OP-70401,70012,5891,1 000 à 4 999 personnes,64.51,Montérégie (16),MRC Beauharnois-Salaberry (700),À compléter,À compléter,population desservie 4790; indice de fuites 0.623; validité des audits 64 %; consommation résidentielle 272 L/personne/jour,"Répertoire des municipalités du Québec (MAMH, publié le Fri, 25 Sep 2026 11:00:13 GMT) et Stratégie québécoise d'économie d'eau potable 2024 (MAMH); téléchargés le 2026-09-29",À compléter
Municipalité du Canton d'Orford,OP-47691,45115,5624,Aucune donnée,148.17,Estrie (05),MRC Memphrémagog (450),À compléter,À compléter,À compléter,"Répertoire des municipalités du Québec (MAMH, publié le Fri, 25 Sep 2026 11:00:13 GMT) et Stratégie québécoise d'économie d'eau potable 2024 (MAMH); téléchargés le 2026-09-29",À compléter
Ville de Saint-Lambert,OP-70407,À compléter,À compléter,À compléter,À compléter,À compléter,À compléter,À compléter,À compléter,À compléter,À compléter,À compléter
Ville de Sainte-Agathe-des-Monts,OP-59168,78032,12213,10 000 à 49 999 personnes,140.81,Laurentides (15),MRC Les Laurentides (780),À compléter,À compléter,population desservie 10381; indice de fuites 7.285; validité des audits 61 %; consommation résidentielle 231 L/personne/jour,"Répertoire des municipalités du Québec (MAMH, publié le Fri, 25 Sep 2026 11:00:13 GMT) et Stratégie québécoise d'économie d'eau potable 2024 (MAMH); téléchargés le 2026-09-29",À compléter
Ville de Marieville,OP-81658,55048,11947,10 000 à 49 999 personnes,62.71,Montérégie (16),MRC Rouville (550),À compléter,À compléter,population desservie 10461; indice de fuites 2.706; validité des audits 65 %; consommation résidentielle 203 L/personne/jour,"Répertoire des municipalités du Québec (MAMH, publié le Fri, 25 Sep 2026 11:00:13 GMT) et Stratégie québécoise d'économie d'eau potable 2024 (MAMH); téléchargés le 2026-09-29",À compléter
Énercycle,OP-81728,À compléter,À compléter,À compléter,À compléter,À compléter,À compléter,À compléter,À compléter,À compléter,À compléter,À compléter
Ville de Sainte-Adèle,OP-13813,77022,15286,10 000 à 49 999 personnes,124.46,Laurentides (15),MRC Les Pays-d'en-Haut (770),À compléter,À compléter,population desservie 12888; indice de fuites 1.929; validité des audits 65 %; consommation résidentielle 243 L/personne/jour,"Répertoire des municipalités du Québec (MAMH, publié le Fri, 25 Sep 2026 11:00:13 GMT) et Stratégie québécoise d'économie d'eau potable 2024 (MAMH); téléchargés le 2026-09-29",À compléter
Cantons-Unis de Stoneham-et-Tewkesbury,OP-59027,22035,10153,1 000 à 4 999 personnes,686.23,Capitale-Nationale (03),MRC La Jacques-Cartier (220),À compléter,À compléter,population desservie 2564; indice de fuites 1.120; validité des audits 59 %; consommation résidentielle 180 L/personne/jour,"Répertoire des municipalités du Québec (MAMH, publié le Fri, 25 Sep 2026 11:00:13 GMT) et Stratégie québécoise d'économie d'eau potable 2024 (MAMH); téléchargés le 2026-09-29",À compléter
Ville de Joliette - Approvisionnement,OP-70354,61025,22401,10 000 à 49 999 personnes,23.83,Lanaudière (14),MRC Joliette (610),À compléter,À compléter,population desservie 22473; indice de fuites 6.056; validité des audits 64 %; consommation résidentielle 200 L/personne/jour,"Répertoire des municipalités du Québec (MAMH, publié le Fri, 25 Sep 2026 11:00:13 GMT) et Stratégie québécoise d'économie d'eau potable 2024 (MAMH); téléchargés le 2026-09-29",À compléter
Ville de Sainte-Julie,OP-91563,59010,30987,10 000 à 49 999 personnes,49.07,Montérégie (16),MRC Marguerite-D'Youville (590),À compléter,À compléter,population desservie 30413; indice de fuites 5.704; validité des audits 66 %; consommation résidentielle 192 L/personne/jour,"Répertoire des municipalités du Québec (MAMH, publié le Fri, 25 Sep 2026 11:00:13 GMT) et Stratégie québécoise d'économie d'eau potable 2024 (MAMH); téléchargés le 2026-09-29",À compléter
Ville de Carignan,OP-36351,57010,12657,10 000 à 49 999 personnes,65.08,Montérégie (16),MRC La Vallée-du-Richelieu (570),À compléter,À compléter,population desservie 10502; indice de fuites 2.833; validité des audits 42 %; consommation résidentielle 218 L/personne/jour,"Répertoire des municipalités du Québec (MAMH, publié le Fri, 25 Sep 2026 11:00:13 GMT) et Stratégie québécoise d'économie d'eau potable 2024 (MAMH); téléchargés le 2026-09-29",À compléter
Ville de Sainte-Thérèse,OP-70350,73010,27230,10 000 à 49 999 personnes,9.36,Laurentides (15),MRC Thérèse-De Blainville (730),À compléter,À compléter,population desservie 27214; indice de fuites 9.649; validité des audits 50 %; consommation résidentielle 250 L/personne/jour,"Répertoire des municipalités du Québec (MAMH, publié le Fri, 25 Sep 2026 11:00:13 GMT) et Stratégie québécoise d'économie d'eau potable 2024 (MAMH); téléchargés le 2026-09-29",À compléter
Municipalité de Sainte-Barbe,OP-2423,69065,1999,1 000 à 4 999 personnes,67.28,Montérégie (16),MRC Le Haut-Saint-Laurent (690),À compléter,À compléter,population desservie 1777; indice de fuites 1.282; validité des audits 58 %; consommation résidentielle 195 L/personne/jour,"Répertoire des municipalités du Québec (MAMH, publié le Fri, 25 Sep 2026 11:00:13 GMT) et Stratégie québécoise d'économie d'eau potable 2024 (MAMH); téléchargés le 2026-09-29",À compléter
Ville de Saint-Joseph-de-Sorel,OP-25102,53050,1592,0 à 999 personnes,3.28,Montérégie (16),MRC Pierre-De Saurel (530),À compléter,À compléter,population desservie 0; indice de fuites 6.500; validité des audits 64 %; consommation résidentielle 263 L/personne/jour,"Répertoire des municipalités du Québec (MAMH, publié le Fri, 25 Sep 2026 11:00:13 GMT) et Stratégie québécoise d'économie d'eau potable 2024 (MAMH); téléchargés le 2026-09-29",À compléter
Ville de Sorel-Tracy (approvisionnement),OP-36419,53052,36386,10 000 à 49 999 personnes,66.64,Montérégie (16),MRC Pierre-De Saurel (530),À compléter,À compléter,population desservie 36218; indice de fuites 6.107; validité des audits 62 %; consommation résidentielle 265 L/personne/jour,"Répertoire des municipalités du Québec (MAMH, publié le Fri, 25 Sep 2026 11:00:13 GMT) et Stratégie québécoise d'économie d'eau potable 2024 (MAMH); téléchargés le 2026-09-29",À compléter
Ville de Candiac,OP-47853,67020,24919,10 000 à 49 999 personnes,18.7,Montérégie (16),MRC Roussillon (670),À compléter,À compléter,population desservie 24097; indice de fuites 4.529; validité des audits 64 %; consommation résidentielle 267 L/personne/jour,"Répertoire des municipalités du Québec (MAMH, publié le Fri, 25 Sep 2026 11:00:13 GMT) et Stratégie québécoise d'économie d'eau potable 2024 (MAMH); téléchargés le 2026-09-29",À compléter
Municipalité du Canton de Cleveland,OP-81589,42110,1634,Aucune donnée,123.95,Estrie (05),MRC Le Val-Saint-François (420),À compléter,À compléter,À compléter,"Répertoire des municipalités du Québec (MAMH, publié le Fri, 25 Sep 2026 11:00:13 GMT) et Stratégie québécoise d'économie d'eau potable 2024 (MAMH); téléchargés le 2026-09-29",À compléter
Ville d'Hudson,OP-36436,71100,5540,5 000 à 9 999 personnes,36.39,Montérégie (16),MRC Vaudreuil-Soulanges (710),À compléter,À compléter,population desservie 5864; indice de fuites 3.103; validité des audits 57 %; consommation résidentielle 278 L/personne/jour,"Répertoire des municipalités du Québec (MAMH, publié le Fri, 25 Sep 2026 11:00:13 GMT) et Stratégie québécoise d'économie d'eau potable 2024 (MAMH); téléchargés le 2026-09-29",À compléter
Ville de la Malbaie,OP-82022,15013,8362,5 000 à 9 999 personnes,697.32,Capitale-Nationale (03),MRC Charlevoix-Est (150),À compléter,À compléter,population desservie 7347; indice de fuites 6.018; validité des audits 60 %; consommation résidentielle 154 L/personne/jour,"Répertoire des municipalités du Québec (MAMH, publié le Fri, 25 Sep 2026 11:00:13 GMT) et Stratégie québécoise d'économie d'eau potable 2024 (MAMH); téléchargés le 2026-09-29",À compléter
Ville de Lachute,OP-70396,76020,15508,10 000 à 49 999 personnes,112.84,Laurentides (15),MRC Argenteuil (760),À compléter,À compléter,population desservie 13819; indice de fuites 7.112; validité des audits 61 %; consommation résidentielle 207 L/personne/jour,"Répertoire des municipalités du Québec (MAMH, publié le Fri, 25 Sep 2026 11:00:13 GMT) et Stratégie québécoise d'économie d'eau potable 2024 (MAMH); téléchargés le 2026-09-29",À compléter
Municipalité de Vallée-Jonction,OP-25106,26015,2044,Aucune donnée,26.03,Chaudière-Appalaches (12),MRC La Nouvelle-Beauce (260),À compléter,À compléter,À compléter,"Répertoire des municipalités du Québec (MAMH, publié le Fri, 25 Sep 2026 11:00:13 GMT) et Stratégie québécoise d'économie d'eau potable 2024 (MAMH); téléchargés le 2026-09-29",À compléter
Cité de Dorval,OP-2437,66087,21054,Aucune donnée,29.08,Montréal (06),À compléter,À compléter,À compléter,À compléter,"Répertoire des municipalités du Québec (MAMH, publié le Fri, 25 Sep 2026 11:00:13 GMT) et Stratégie québécoise d'économie d'eau potable 2024 (MAMH); téléchargés le 2026-09-29",À compléter
Ville de Château-Richer,OP-70298,21035,4756,1 000 à 4 999 personnes,139.51,Capitale-Nationale (03),MRC La Côte-de-Beaupré (210),À compléter,À compléter,population desservie 4080; indice de fuites 2.117; validité des audits 57 %; consommation résidentielle 217 L/personne/jour,"Répertoire des municipalités du Québec (MAMH, publié le Fri, 25 Sep 2026 11:00:13 GMT) et Stratégie québécoise d'économie d'eau potable 2024 (MAMH); téléchargés le 2026-09-29",À compléter
Régie incendie de l'Alliance des Grandes-Seigneuries,OP-36592,À compléter,À compléter,À compléter,À compléter,À compléter,À compléter,À compléter,À compléter,À compléter,À compléter,À compléter
MRC de la Haute-Gaspésie,OP-25130,AR040,10988,À compléter,5192.78,Gaspésie--Îles-de-la-Madeleine (11),À compléter,À compléter,À compléter,À compléter,"Répertoire des municipalités du Québec (MAMH, publié le Fri, 25 Sep 2026 11:00:13 GMT) et Stratégie québécoise d'économie d'eau potable 2024 (MAMH); téléchargés le 2026-09-29",À compléter
Ville de Beaupré,OP-13904,21025,4307,1 000 à 4 999 personnes,27,Capitale-Nationale (03),MRC La Côte-de-Beaupré (210),À compléter,À compléter,population desservie 4194; indice de fuites 1.928; validité des audits 60 %; consommation résidentielle 210 L/personne/jour,"Répertoire des municipalités du Québec (MAMH, publié le Fri, 25 Sep 2026 11:00:13 GMT) et Stratégie québécoise d'économie d'eau potable 2024 (MAMH); téléchargés le 2026-09-29",À compléter
Commission des services électriques de Montréal,OP-70523,À compléter,À compléter,À compléter,À compléter,À compléter,À compléter,À compléter,À compléter,À compléter,À compléter,À compléter
Régie intermunicipale de valorisation des matières organiques de Beauharnois-Salaberry et de Roussillon,OP-25164,À compléter,À compléter,À compléter,À compléter,À compléter,À compléter,À compléter,À compléter,À compléter,À compléter,À compléter
Municipalité de Saint-Mathieu-de-Beloeil,OP-59116,57045,3019,1 000 à 4 999 personnes,28.91,Montérégie (16),MRC La Vallée-du-Richelieu (570),À compléter,À compléter,population desservie 3074; indice de fuites 0.500; validité des audits 62 %; consommation résidentielle 217 L/personne/jour,"Répertoire des municipalités du Québec (MAMH, publié le Fri, 25 Sep 2026 11:00:13 GMT) et Stratégie québécoise d'économie d'eau potable 2024 (MAMH); téléchargés le 2026-09-29",À compléter
Ville de Waterloo,OP-70341,47025,5713,5 000 à 9 999 personnes,13.31,Estrie (05),MRC La Haute-Yamaska (470),À compléter,À compléter,population desservie 5333; indice de fuites 3.851; validité des audits 64 %; consommation résidentielle 149 L/personne/jour,"Répertoire des municipalités du Québec (MAMH, publié le Fri, 25 Sep 2026 11:00:13 GMT) et Stratégie québécoise d'économie d'eau potable 2024 (MAMH); téléchargés le 2026-09-29",À compléter
Ville de Sept-Îles,OP-2514,97007,24456,10 000 à 49 999 personnes,2172.22,Côte-Nord (09),MRC Sept-Rivières (971),À compléter,À compléter,population desservie 22584; indice de fuites 8.258; validité des audits 62 %; consommation résidentielle 192 L/personne/jour,"Répertoire des municipalités du Québec (MAMH, publié le Fri, 25 Sep 2026 11:00:13 GMT) et Stratégie québécoise d'économie d'eau potable 2024 (MAMH); téléchargés le 2026-09-29",À compléter
Ville de Côte Saint-Luc,OP-81664,66058,37875,10 000 à 49 999 personnes,6.81,Montréal (06),À compléter,À compléter,À compléter,population desservie 37830; indice de fuites 13.71; validité des audits 50 %; consommation résidentielle 238 L/personne/jour,"Répertoire des municipalités du Québec (MAMH, publié le Fri, 25 Sep 2026 11:00:13 GMT) et Stratégie québécoise d'économie d'eau potable 2024 (MAMH); téléchargés le 2026-09-29",À compléter
Municipalité de Sainte-Mélanie,OP-81545,61050,3412,1 000 à 4 999 personnes,77.42,Lanaudière (14),MRC Joliette (610),À compléter,À compléter,population desservie 1385; indice de fuites 8.226; validité des audits 60 %; consommation résidentielle 189 L/personne/jour,"Répertoire des municipalités du Québec (MAMH, publié le Fri, 25 Sep 2026 11:00:13 GMT) et Stratégie québécoise d'économie d'eau potable 2024 (MAMH); téléchargés le 2026-09-29",À compléter
Municipalité de Lac-Beauport,OP-91777,22040,8532,1 000 à 4 999 personnes,64.18,Capitale-Nationale (03),MRC La Jacques-Cartier (220),À compléter,À compléter,population desservie 4232; indice de fuites 1.297; validité des audits 50 %; consommation résidentielle 282 L/personne/jour,"Répertoire des municipalités du Québec (MAMH, publié le Fri, 25 Sep 2026 11:00:13 GMT) et Stratégie québécoise d'économie d'eau potable 2024 (MAMH); téléchargés le 2026-09-29",À compléter
Régie d'assainissement des Eaux de la Vallée du Richelieu,OP-91604,À compléter,À compléter,À compléter,À compléter,À compléter,À compléter,À compléter,À compléter,À compléter,À compléter,À compléter
MRC Le Domaine du Roy,OP-47851,AR910,29316,À compléter,18886.15,Saguenay--Lac-Saint-Jean (02),À compléter,À compléter,À compléter,À compléter,"Répertoire des municipalités du Québec (MAMH, publié le Fri, 25 Sep 2026 11:00:13 GMT) et Stratégie québécoise d'économie d'eau potable 2024 (MAMH); téléchargés le 2026-09-29",À compléter
Ville de l'Épiphanie,OP-70367,60037,9222,5 000 à 9 999 personnes,58.17,Lanaudière (14),MRC L'Assomption (600),À compléter,À compléter,population desservie 6462; indice de fuites 1.301; validité des audits 48 %; consommation résidentielle 212 L/personne/jour,"Répertoire des municipalités du Québec (MAMH, publié le Fri, 25 Sep 2026 11:00:13 GMT) et Stratégie québécoise d'économie d'eau potable 2024 (MAMH); téléchargés le 2026-09-29",À compléter
Municipalité du Lac-des-Seize-îles,OP-2543,77055,198,Aucune donnée,13.15,Laurentides (15),MRC Les Pays-d'en-Haut (770),À compléter,À compléter,À compléter,"Répertoire des municipalités du Québec (MAMH, publié le Fri, 25 Sep 2026 11:00:13 GMT) et Stratégie québécoise d'économie d'eau potable 2024 (MAMH); téléchargés le 2026-09-29",À compléter
MRC de La Nouvelle Beauce,OP-13764,AR260,41199,À compléter,913.59,Chaudière-Appalaches (12),À compléter,À compléter,À compléter,À compléter,"Répertoire des municipalités du Québec (MAMH, publié le Fri, 25 Sep 2026 11:00:13 GMT) et Stratégie québécoise d'économie d'eau potable 2024 (MAMH); téléchargés le 2026-09-29",À compléter
Ville de Farnham,OP-25138,46112,11341,5 000 à 9 999 personnes,93.95,Estrie (05),MRC Brome-Missisquoi (460),À compléter,À compléter,population desservie 9748; indice de fuites 7.298; validité des audits 64 %; consommation résidentielle 160 L/personne/jour,"Répertoire des municipalités du Québec (MAMH, publié le Fri, 25 Sep 2026 11:00:13 GMT) et Stratégie québécoise d'économie d'eau potable 2024 (MAMH); téléchargés le 2026-09-29",À compléter
Municipalité de Saint-Armand,OP-91587,46017,1242,Aucune donnée,83.83,Estrie (05),MRC Brome-Missisquoi (460),À compléter,À compléter,À compléter,"Répertoire des municipalités du Québec (MAMH, publié le Fri, 25 Sep 2026 11:00:13 GMT) et Stratégie québécoise d'économie d'eau potable 2024 (MAMH); téléchargés le 2026-09-29",À compléter
Municipalité de Saint-Donat,OP-2530,À compléter,À compléter,À compléter,À compléter,À compléter,À compléter,À compléter,À compléter,À compléter,À compléter,À compléter
Municipalité de Mont-Saint-Grégoire,OP-59060,56097,3158,Aucune donnée,81.16,Montérégie (16),MRC Le Haut-Richelieu (560),À compléter,À compléter,À compléter,"Répertoire des municipalités du Québec (MAMH, publié le Fri, 25 Sep 2026 11:00:13 GMT) et Stratégie québécoise d'économie d'eau potable 2024 (MAMH); téléchargés le 2026-09-29",À compléter
Ville de Sainte-Catherine,OP-91550,67030,17780,10 000 à 49 999 personnes,15.63,Montérégie (16),MRC Roussillon (670),À compléter,À compléter,population desservie 17822; indice de fuites 2.278; validité des audits 66 %; consommation résidentielle 205 L/personne/jour,"Répertoire des municipalités du Québec (MAMH, publié le Fri, 25 Sep 2026 11:00:13 GMT) et Stratégie québécoise d'économie d'eau potable 2024 (MAMH); téléchargés le 2026-09-29",À compléter
Municipalité de Rivière-Beaudette,OP-48264,71005,2801,Aucune donnée,25.21,Montérégie (16),MRC Vaudreuil-Soulanges (710),À compléter,À compléter,À compléter,"Répertoire des municipalités du Québec (MAMH, publié le Fri, 25 Sep 2026 11:00:13 GMT) et Stratégie québécoise d'économie d'eau potable 2024 (MAMH); téléchargés le 2026-09-29",À compléter
Ville de Sainte-Catherine-de-la-Jacques-Cartier,OP-70451,22005,9846,5 000 à 9 999 personnes,122.76,Capitale-Nationale (03),MRC La Jacques-Cartier (220),À compléter,À compléter,population desservie 6112; indice de fuites 0.294; validité des audits 63 %; consommation résidentielle 193 L/personne/jour,"Répertoire des municipalités du Québec (MAMH, publié le Fri, 25 Sep 2026 11:00:13 GMT) et Stratégie québécoise d'économie d'eau potable 2024 (MAMH); téléchargés le 2026-09-29",À compléter
Ville de Mercier,OP-59047,67045,16032,10 000 à 49 999 personnes,46.44,Montérégie (16),MRC Roussillon (670),À compléter,À compléter,population desservie 15169; indice de fuites 2.554; validité des audits 63 %; consommation résidentielle 198 L/personne/jour,"Répertoire des municipalités du Québec (MAMH, publié le Fri, 25 Sep 2026 11:00:13 GMT) et Stratégie québécoise d'économie d'eau potable 2024 (MAMH); téléchargés le 2026-09-29",À compléter
Municipalité régionale de comté de La Vallée-de-la-Gatineau,OP-13776,AR830,20253,À compléter,13948.22,Outaouais (07),À compléter,À compléter,À compléter,À compléter,"Répertoire des municipalités du Québec (MAMH, publié le Fri, 25 Sep 2026 11:00:13 GMT) et Stratégie québécoise d'économie d'eau potable 2024 (MAMH); téléchargés le 2026-09-29",À compléter
MRC du Haut-Saint-Laurent,OP-2417,AR690,24164,À compléter,1237.3,Montérégie (16),À compléter,À compléter,À compléter,À compléter,"Répertoire des municipalités du Québec (MAMH, publié le Fri, 25 Sep 2026 11:00:13 GMT) et Stratégie québécoise d'économie d'eau potable 2024 (MAMH); téléchargés le 2026-09-29",À compléter
Ville de Notre-Dame-de-l'Île-Perrot,OP-36485,71065,11727,10 000 à 49 999 personnes,65.42,Montérégie (16),MRC Vaudreuil-Soulanges (710),À compléter,À compléter,population desservie 11285; indice de fuites 1.792; validité des audits 69 %; consommation résidentielle 255 L/personne/jour,"Répertoire des municipalités du Québec (MAMH, publié le Fri, 25 Sep 2026 11:00:13 GMT) et Stratégie québécoise d'économie d'eau potable 2024 (MAMH); téléchargés le 2026-09-29",À compléter
Ville de Roberval,OP-81773,91025,9871,5 000 à 9 999 personnes,201.51,Saguenay--Lac-Saint-Jean (02),MRC Le Domaine-du-Roy (910),À compléter,À compléter,population desservie 9597; indice de fuites 6.713; validité des audits 65 %; consommation résidentielle 224 L/personne/jour,"Répertoire des municipalités du Québec (MAMH, publié le Fri, 25 Sep 2026 11:00:13 GMT) et Stratégie québécoise d'économie d'eau potable 2024 (MAMH); téléchargés le 2026-09-29",À compléter
Ville de Mont-Saint-Hilaire,OP-47963,57035,19501,10 000 à 49 999 personnes,45.38,Montérégie (16),MRC La Vallée-du-Richelieu (570),À compléter,À compléter,population desservie 18512; indice de fuites 1.998; validité des audits 68 %; consommation résidentielle 277 L/personne/jour,"Répertoire des municipalités du Québec (MAMH, publié le Fri, 25 Sep 2026 11:00:13 GMT) et Stratégie québécoise d'économie d'eau potable 2024 (MAMH); téléchargés le 2026-09-29",À compléter
Ville de Beaconsfield,OP-91555,66107,19423,10 000 à 49 999 personnes,24.4,Montréal (06),À compléter,À compléter,À compléter,population desservie 19149; indice de fuites 16.76; validité des audits 61 %; consommation résidentielle 230 L/personne/jour,"Répertoire des municipalités du Québec (MAMH, publié le Fri, 25 Sep 2026 11:00:13 GMT) et Stratégie québécoise d'économie d'eau potable 2024 (MAMH); téléchargés le 2026-09-29",À compléter
Ville de Delson,OP-2629,67025,8802,5 000 à 9 999 personnes,7.7,Montérégie (16),MRC Roussillon (670),À compléter,À compléter,population desservie 8557; indice de fuites 7.056; validité des audits 67 %; consommation résidentielle 217 L/personne/jour,"Répertoire des municipalités du Québec (MAMH, publié le Fri, 25 Sep 2026 11:00:13 GMT) et Stratégie québécoise d'économie d'eau potable 2024 (MAMH); téléchargés le 2026-09-29",À compléter
Municipalité de Saint-Norbert-D'arthabaska,OP-81580,39043,1290,0 à 999 personnes,102.96,Centre-du-Québec (17),MRC Arthabaska (390),À compléter,À compléter,population desservie 448; indice de fuites 0.605; validité des audits 62 %; consommation résidentielle 192 L/personne/jour,"Répertoire des municipalités du Québec (MAMH, publié le Fri, 25 Sep 2026 11:00:13 GMT) et Stratégie québécoise d'économie d'eau potable 2024 (MAMH); téléchargés le 2026-09-29",À compléter
Municipalité de Cantley,OP-13849,82020,12390,Aucune donnée,133.86,Outaouais (07),MRC Les Collines-de-l'Outaouais (820),À compléter,À compléter,À compléter,"Répertoire des municipalités du Québec (MAMH, publié le Fri, 25 Sep 2026 11:00:13 GMT) et Stratégie québécoise d'économie d'eau potable 2024 (MAMH); téléchargés le 2026-09-29",À compléter
Ville de Mont-Tremblant,OP-25100,78102,12026,5 000 à 9 999 personnes,248.09,Laurentides (15),MRC Les Laurentides (780),À compléter,À compléter,population desservie 8151; indice de fuites 4.660; validité des audits 62 %; consommation résidentielle 301 L/personne/jour,"Répertoire des municipalités du Québec (MAMH, publié le Fri, 25 Sep 2026 11:00:13 GMT) et Stratégie québécoise d'économie d'eau potable 2024 (MAMH); téléchargés le 2026-09-29",À compléter
Régie Intermunicipale d'assainissement des eaux usées de Rougement/St-Césaire,OP-70472,À compléter,À compléter,À compléter,À compléter,À compléter,À compléter,À compléter,À compléter,À compléter,À compléter,À compléter
Municipalité Saint-Léonard d'Aston,OP-70458,50042,2666,1 000 à 4 999 personnes,85.39,Centre-du-Québec (17),MRC Nicolet-Yamaska (500),À compléter,À compléter,population desservie 1866; indice de fuites 2.197; validité des audits 55 %; consommation résidentielle 202 L/personne/jour,"Répertoire des municipalités du Québec (MAMH, publié le Fri, 25 Sep 2026 11:00:13 GMT) et Stratégie québécoise d'économie d'eau potable 2024 (MAMH); téléchargés le 2026-09-29",À compléter
Ville de Témiscouata-sur-le-Lac,OP-70297,13073,5202,1 000 à 4 999 personnes,247.17,Bas-Saint-Laurent (01),MRC Témiscouata (130),À compléter,À compléter,population desservie 4349; indice de fuites 5.501; validité des audits 61 %; consommation résidentielle 210 L/personne/jour,"Répertoire des municipalités du Québec (MAMH, publié le Fri, 25 Sep 2026 11:00:13 GMT) et Stratégie québécoise d'économie d'eau potable 2024 (MAMH); téléchargés le 2026-09-29",À compléter
Municipalité Dosquet,OP-36358,33040,927,Aucune donnée,64.57,Chaudière-Appalaches (12),MRC Lotbinière (330),À compléter,À compléter,À compléter,"Répertoire des municipalités du Québec (MAMH, publié le Fri, 25 Sep 2026 11:00:13 GMT) et Stratégie québécoise d'économie d'eau potable 2024 (MAMH); téléchargés le 2026-09-29",À compléter
MRC de Rimouski-Neigette,OP-25330,AR100,60097,À compléter,2967.55,Bas-Saint-Laurent (01),À compléter,À compléter,À compléter,À compléter,"Répertoire des municipalités du Québec (MAMH, publié le Fri, 25 Sep 2026 11:00:13 GMT) et Stratégie québécoise d'économie d'eau potable 2024 (MAMH); téléchargés le 2026-09-29",À compléter
MRC de Matawinie,OP-13822,AR620,58951,À compléter,10460.66,Lanaudière (14),À compléter,À compléter,À compléter,À compléter,"Répertoire des municipalités du Québec (MAMH, publié le Fri, 25 Sep 2026 11:00:13 GMT) et Stratégie québécoise d'économie d'eau potable 2024 (MAMH); téléchargés le 2026-09-29",À compléter
Ville de Normandin,OP-25223,92040,3066,1 000 à 4 999 personnes,218.2,Saguenay--Lac-Saint-Jean (02),MRC Maria-Chapdelaine (920),À compléter,À compléter,population desservie 2988; indice de fuites 3.882; validité des audits 50 %; consommation résidentielle 174 L/personne/jour,"Répertoire des municipalités du Québec (MAMH, publié le Fri, 25 Sep 2026 11:00:13 GMT) et Stratégie québécoise d'économie d'eau potable 2024 (MAMH); téléchargés le 2026-09-29",À compléter
La Municipalité de La Pêche,OP-47755,82035,9450,Aucune donnée,616.53,Outaouais (07),MRC Les Collines-de-l'Outaouais (820),À compléter,À compléter,À compléter,"Répertoire des municipalités du Québec (MAMH, publié le Fri, 25 Sep 2026 11:00:13 GMT) et Stratégie québécoise d'économie d'eau potable 2024 (MAMH); téléchargés le 2026-09-29",À compléter
Municipalité de Mansfield-et-Pontefract,OP-25092,84065,2339,Aucune donnée,523.25,Outaouais (07),MRC Pontiac (840),À compléter,À compléter,À compléter,"Répertoire des municipalités du Québec (MAMH, publié le Fri, 25 Sep 2026 11:00:13 GMT) et Stratégie québécoise d'économie d'eau potable 2024 (MAMH); téléchargés le 2026-09-29",À compléter
MRC d'Abitibi,OP-81607,AR880,24544,À compléter,7937.13,Abitibi-Témiscamingue (08),À compléter,À compléter,À compléter,À compléter,"Répertoire des municipalités du Québec (MAMH, publié le Fri, 25 Sep 2026 11:00:13 GMT) et Stratégie québécoise d'économie d'eau potable 2024 (MAMH); téléchargés le 2026-09-29",À compléter
Office municipal d'habitation de Laval,OP-36523,À compléter,À compléter,À compléter,À compléter,À compléter,À compléter,À compléter,À compléter,À compléter,À compléter,À compléter
Municipalité de l'Anse-Saint-Jean,OP-59157,94210,1296,0 à 999 personnes,534.37,Saguenay--Lac-Saint-Jean (02),MRC Le Fjord-du-Saguenay (942),À compléter,À compléter,population desservie 880; indice de fuites 4.388; validité des audits 58 %; consommation résidentielle 268 L/personne/jour,"Répertoire des municipalités du Québec (MAMH, publié le Fri, 25 Sep 2026 11:00:13 GMT) et Stratégie québécoise d'économie d'eau potable 2024 (MAMH); téléchargés le 2026-09-29",À compléter
Ville de Port-Cartier,OP-70358,97022,6423,5 000 à 9 999 personnes,1371.79,Côte-Nord (09),MRC Sept-Rivières (971),À compléter,À compléter,population desservie 6534; indice de fuites 4.211; validité des audits 43 %; consommation résidentielle 202 L/personne/jour,"Répertoire des municipalités du Québec (MAMH, publié le Fri, 25 Sep 2026 11:00:13 GMT) et Stratégie québécoise d'économie d'eau potable 2024 (MAMH); téléchargés le 2026-09-29",À compléter
Ville de Varennes,OP-47896,59020,21505,10 000 à 49 999 personnes,114.17,Montérégie (16),MRC Marguerite-D'Youville (590),À compléter,À compléter,population desservie 21433; indice de fuites 6.714; validité des audits 60 %; consommation résidentielle 116 L/personne/jour,"Répertoire des municipalités du Québec (MAMH, publié le Fri, 25 Sep 2026 11:00:13 GMT) et Stratégie québécoise d'économie d'eau potable 2024 (MAMH); téléchargés le 2026-09-29",À compléter
Ville de Sainte-Marie,OP-47964,26030,13938,10 000 à 49 999 personnes,109.12,Chaudière-Appalaches (12),MRC La Nouvelle-Beauce (260),À compléter,À compléter,population desservie 12823; indice de fuites 1.739; validité des audits 64 %; consommation résidentielle 229 L/personne/jour,"Répertoire des municipalités du Québec (MAMH, publié le Fri, 25 Sep 2026 11:00:13 GMT) et Stratégie québécoise d'économie d'eau potable 2024 (MAMH); téléchargés le 2026-09-29",À compléter
W8banaki,OP-59112,À compléter,À compléter,À compléter,À compléter,À compléter,À compléter,À compléter,À compléter,À compléter,À compléter,À compléter
Municipalité de Armagh,OP-36569,19037,1434,0 à 999 personnes,170.59,Chaudière-Appalaches (12),MRC Bellechasse (190),À compléter,À compléter,population desservie 957; indice de fuites 1.194; validité des audits 59 %; consommation résidentielle 216 L/personne/jour,"Répertoire des municipalités du Québec (MAMH, publié le Fri, 25 Sep 2026 11:00:13 GMT) et Stratégie québécoise d'économie d'eau potable 2024 (MAMH); téléchargés le 2026-09-29",À compléter
Régie intermunicipale des déchets de la Lièvre,OP-70334,À compléter,À compléter,À compléter,À compléter,À compléter,À compléter,À compléter,À compléter,À compléter,À compléter,À compléter
Municipalité de Saint-Adolphe-d'Howard,OP-81605,77065,4009,Aucune donnée,149.04,Laurentides (15),MRC Les Pays-d'en-Haut (770),À compléter,À compléter,À compléter,"Répertoire des municipalités du Québec (MAMH, publié le Fri, 25 Sep 2026 11:00:13 GMT) et Stratégie québécoise d'économie d'eau potable 2024 (MAMH); téléchargés le 2026-09-29",À compléter
MRC de L'Assomption,OP-36521,AR600,135416,À compléter,285.15,Lanaudière (14),À compléter,À compléter,À compléter,À compléter,"Répertoire des municipalités du Québec (MAMH, publié le Fri, 25 Sep 2026 11:00:13 GMT) et Stratégie québécoise d'économie d'eau potable 2024 (MAMH); téléchargés le 2026-09-29",À compléter
MRC de Drummond,OP-25300,AR490,115772,À compléter,1626.15,Centre-du-Québec (17),À compléter,À compléter,À compléter,À compléter,"Répertoire des municipalités du Québec (MAMH, publié le Fri, 25 Sep 2026 11:00:13 GMT) et Stratégie québécoise d'économie d'eau potable 2024 (MAMH); téléchargés le 2026-09-29",À compléter
Municipalité de Sainte-Thérèse-de-Gaspé,OP-13882,02010,1000,À compléter,35.22,Gaspésie--Îles-de-la-Madeleine (11),MRC Le Rocher-Percé (020),À compléter,À compléter,À compléter,"Répertoire des municipalités du Québec (MAMH, publié le Fri, 25 Sep 2026 11:00:13 GMT) et Stratégie québécoise d'économie d'eau potable 2024 (MAMH); téléchargés le 2026-09-29",À compléter
Ville de New Richmond,OP-70273,05070,3933,À compléter,199.49,Gaspésie--Îles-de-la-Madeleine (11),MRC Bonaventure (050),À compléter,À compléter,indice de fuites 2.773,"Répertoire des municipalités du Québec (MAMH, publié le Fri, 25 Sep 2026 11:00:13 GMT) et Stratégie québécoise d'économie d'eau potable 2024 (MAMH); téléchargés le 2026-09-29",À compléter
Ville de Ville-Marie,OP-81700,85025,2439,1 000 à 4 999 personnes,12.57,Abitibi-Témiscamingue (08),MRC Témiscamingue (850),À compléter,À compléter,population desservie 2464; indice de fuites 1.825; validité des audits 51 %; consommation résidentielle 172 L/personne/jour,"Répertoire des municipalités du Québec (MAMH, publié le Fri, 25 Sep 2026 11:00:13 GMT) et Stratégie québécoise d'économie d'eau potable 2024 (MAMH); téléchargés le 2026-09-29",À compléter
Régie d'assainissement des eaux Terrebonne/Mascouche,OP-36497,À compléter,À compléter,À compléter,À compléter,À compléter,À compléter,À compléter,À compléter,À compléter,À compléter,À compléter
Ville de Saint-Charles-Borromée,OP-47930,61035,16904,10 000 à 49 999 personnes,18.67,Lanaudière (14),MRC Joliette (610),À compléter,À compléter,population desservie 17701; indice de fuites 3.028; validité des audits 60 %; consommation résidentielle 231 L/personne/jour,"Répertoire des municipalités du Québec (MAMH, publié le Fri, 25 Sep 2026 11:00:13 GMT) et Stratégie québécoise d'économie d'eau potable 2024 (MAMH); téléchargés le 2026-09-29",À compléter
Municipalité de Saint-Pierre-de-l'Île d'Orléans,OP-70392,20025,1636,Aucune donnée,31.19,Capitale-Nationale (03),MRC L'Île-d'Orléans (200),À compléter,À compléter,À compléter,"Répertoire des municipalités du Québec (MAMH, publié le Fri, 25 Sep 2026 11:00:13 GMT) et Stratégie québécoise d'économie d'eau potable 2024 (MAMH); téléchargés le 2026-09-29",À compléter
Municipalité de Saint-Martin,OP-70347,29045,2688,1 000 à 4 999 personnes,119.62,Chaudière-Appalaches (12),MRC Beauce-Sartigan (290),À compléter,À compléter,population desservie 2210; indice de fuites 2.792; validité des audits 70 %; consommation résidentielle 160 L/personne/jour,"Répertoire des municipalités du Québec (MAMH, publié le Fri, 25 Sep 2026 11:00:13 GMT) et Stratégie québécoise d'économie d'eau potable 2024 (MAMH); téléchargés le 2026-09-29",À compléter
Ville de Dolbeau-Mistassini,OP-36545,92022,13574,10 000 à 49 999 personnes,359.47,Saguenay--Lac-Saint-Jean (02),MRC Maria-Chapdelaine (920),À compléter,À compléter,population desservie 13646; indice de fuites 3.843; validité des audits 58 %; consommation résidentielle 209 L/personne/jour,"Répertoire des municipalités du Québec (MAMH, publié le Fri, 25 Sep 2026 11:00:13 GMT) et Stratégie québécoise d'économie d'eau potable 2024 (MAMH); téléchargés le 2026-09-29",À compléter
Municipalité Sainte-Sabine,OP-70502,À compléter,À compléter,À compléter,À compléter,À compléter,À compléter,À compléter,À compléter,À compléter,À compléter,À compléter
Municipalité de Saint-Thomas-Didyme,OP-14121,92045,793,0 à 999 personnes,360.6,Saguenay--Lac-Saint-Jean (02),MRC Maria-Chapdelaine (920),À compléter,À compléter,population desservie 276; indice de fuites 5.612; validité des audits 57 %; consommation résidentielle 471 L/personne/jour,"Répertoire des municipalités du Québec (MAMH, publié le Fri, 25 Sep 2026 11:00:13 GMT) et Stratégie québécoise d'économie d'eau potable 2024 (MAMH); téléchargés le 2026-09-29",À compléter
Municipalité de Bolton-Ouest,OP-59111,46065,758,Aucune donnée,101.94,Estrie (05),MRC Brome-Missisquoi (460),À compléter,À compléter,À compléter,"Répertoire des municipalités du Québec (MAMH, publié le Fri, 25 Sep 2026 11:00:13 GMT) et Stratégie québécoise d'économie d'eau potable 2024 (MAMH); téléchargés le 2026-09-29",À compléter
Municipalité de Verchères,OP-2656,59025,5823,5 000 à 9 999 personnes,85.15,Montérégie (16),MRC Marguerite-D'Youville (590),À compléter,À compléter,population desservie 5776; indice de fuites 5.110; validité des audits 64 %; consommation résidentielle 163 L/personne/jour,"Répertoire des municipalités du Québec (MAMH, publié le Fri, 25 Sep 2026 11:00:13 GMT) et Stratégie québécoise d'économie d'eau potable 2024 (MAMH); téléchargés le 2026-09-29",À compléter
Ville de Thurso,OP-25211,80050,3530,1 000 à 4 999 personnes,7.34,Outaouais (07),MRC Papineau (800),À compléter,À compléter,population desservie 3368; indice de fuites 0.542; validité des audits 46 %; consommation résidentielle 310 L/personne/jour,"Répertoire des municipalités du Québec (MAMH, publié le Fri, 25 Sep 2026 11:00:13 GMT) et Stratégie québécoise d'économie d'eau potable 2024 (MAMH); téléchargés le 2026-09-29",À compléter
Municipalité de Saint-Mathieu-du-Parc,OP-59059,51070,1601,0 à 999 personnes,228.96,Mauricie (04),MRC Maskinongé (510),À compléter,À compléter,population desservie 238; indice de fuites 0.711; validité des audits 50 %; consommation résidentielle 169 L/personne/jour,"Répertoire des municipalités du Québec (MAMH, publié le Fri, 25 Sep 2026 11:00:13 GMT) et Stratégie québécoise d'économie d'eau potable 2024 (MAMH); téléchargés le 2026-09-29",À compléter
Municipalité de Denholm,OP-2633,83005,603,Aucune donnée,197.68,Outaouais (07),MRC La Vallée-de-la-Gatineau (830),À compléter,À compléter,À compléter,"Répertoire des municipalités du Québec (MAMH, publié le Fri, 25 Sep 2026 11:00:13 GMT) et Stratégie québécoise d'économie d'eau potable 2024 (MAMH); téléchargés le 2026-09-29",À compléter
Municipalité d'Entrelacs,OP-81771,62053,1124,Aucune donnée,56.17,Lanaudière (14),MRC Matawinie (620),À compléter,À compléter,À compléter,"Répertoire des municipalités du Québec (MAMH, publié le Fri, 25 Sep 2026 11:00:13 GMT) et Stratégie québécoise d'économie d'eau potable 2024 (MAMH); téléchargés le 2026-09-29",À compléter
Développement Côte-de-Beaupré (DCDB),OP-47926,À compléter,À compléter,À compléter,À compléter,À compléter,À compléter,À compléter,À compléter,À compléter,À compléter,À compléter
Ville de Saint-Colomban,OP-25159,75005,19127,1 000 à 4 999 personnes,94.57,Laurentides (15),MRC La Rivière-du-Nord (750),À compléter,À compléter,population desservie 2396; indice de fuites 0.735; validité des audits 66 %; consommation résidentielle 165 L/personne/jour,"Répertoire des municipalités du Québec (MAMH, publié le Fri, 25 Sep 2026 11:00:13 GMT) et Stratégie québécoise d'économie d'eau potable 2024 (MAMH); téléchargés le 2026-09-29",À compléter
Municipalité de Lac-Du-Cerf,OP-2590,79015,499,Aucune donnée,94.38,Laurentides (15),MRC Antoine-Labelle (790),À compléter,À compléter,À compléter,"Répertoire des municipalités du Québec (MAMH, publié le Fri, 25 Sep 2026 11:00:13 GMT) et Stratégie québécoise d'économie d'eau potable 2024 (MAMH); téléchargés le 2026-09-29",À compléter
MRC de Pierre-De Saurel,OP-2551,AR530,53897,À compléter,637.73,Montérégie (16),À compléter,À compléter,À compléter,À compléter,"Répertoire des municipalités du Québec (MAMH, publié le Fri, 25 Sep 2026 11:00:13 GMT) et Stratégie québécoise d'économie d'eau potable 2024 (MAMH); téléchargés le 2026-09-29",À compléter
Municipalité d'Authier-Nord,OP-59193,87100,282,Aucune donnée,285.69,Abitibi-Témiscamingue (08),MRC Abitibi-Ouest (870),À compléter,À compléter,À compléter,"Répertoire des municipalités du Québec (MAMH, publié le Fri, 25 Sep 2026 11:00:13 GMT) et Stratégie québécoise d'économie d'eau potable 2024 (MAMH); téléchargés le 2026-09-29",À compléter
Régie d'assainissement des eaux du bassin de Laprairie,OP-13893,À compléter,À compléter,À compléter,À compléter,À compléter,À compléter,À compléter,À compléter,À compléter,À compléter,À compléter
MRC de L'Érable,OP-70342,AR320,24625,À compléter,1302.38,Centre-du-Québec (17),À compléter,À compléter,À compléter,À compléter,"Répertoire des municipalités du Québec (MAMH, publié le Fri, 25 Sep 2026 11:00:13 GMT) et Stratégie québécoise d'économie d'eau potable 2024 (MAMH); téléchargés le 2026-09-29",À compléter
MRC de Manicouagan,OP-2626,AR960,27487,À compléter,39741.47,Côte-Nord (09),À compléter,À compléter,À compléter,À compléter,"Répertoire des municipalités du Québec (MAMH, publié le Fri, 25 Sep 2026 11:00:13 GMT) et Stratégie québécoise d'économie d'eau potable 2024 (MAMH); téléchargés le 2026-09-29",À compléter
Municipalité Grenville-sur-la-Rouge,OP-70440,76052,3051,0 à 999 personnes,330.66,Laurentides (15),MRC Argenteuil (760),À compléter,À compléter,population desservie 592; indice de fuites 5.994; validité des audits 52 %; consommation résidentielle 192 L/personne/jour,"Répertoire des municipalités du Québec (MAMH, publié le Fri, 25 Sep 2026 11:00:13 GMT) et Stratégie québécoise d'économie d'eau potable 2024 (MAMH); téléchargés le 2026-09-29",À compléter
Municipalité de Lac-Saguay,OP-13777,79060,599,Aucune donnée,185.18,Laurentides (15),MRC Antoine-Labelle (790),À compléter,À compléter,À compléter,"Répertoire des municipalités du Québec (MAMH, publié le Fri, 25 Sep 2026 11:00:13 GMT) et Stratégie québécoise d'économie d'eau potable 2024 (MAMH); téléchargés le 2026-09-29",À compléter
Municipalité de Gallichan,OP-59085,87020,502,0 à 999 personnes,98.57,Abitibi-Témiscamingue (08),MRC Abitibi-Ouest (870),À compléter,À compléter,population desservie 57; indice de fuites 4.868; validité des audits 36 %; consommation résidentielle 681 L/personne/jour,"Répertoire des municipalités du Québec (MAMH, publié le Fri, 25 Sep 2026 11:00:13 GMT) et Stratégie québécoise d'économie d'eau potable 2024 (MAMH); téléchargés le 2026-09-29",À compléter
Société du Parc Jean-Drapeau,OP-36417,À compléter,À compléter,À compléter,À compléter,À compléter,À compléter,À compléter,À compléter,À compléter,À compléter,À compléter
Office régional d’habitation de La Vallée-du-Richelieu,OP-20019554,À compléter,À compléter,À compléter,À compléter,À compléter,À compléter,À compléter,À compléter,À compléter,À compléter,À compléter
Municipalité Saint-Stanislas-de-Kostka,OP-59080,70040,2164,0 à 999 personnes,62.27,Montérégie (16),MRC Beauharnois-Salaberry (700),À compléter,À compléter,population desservie 384; indice de fuites 0.740; validité des audits 59 %; consommation résidentielle 191 L/personne/jour,"Répertoire des municipalités du Québec (MAMH, publié le Fri, 25 Sep 2026 11:00:13 GMT) et Stratégie québécoise d'économie d'eau potable 2024 (MAMH); téléchargés le 2026-09-29",À compléter
Municipalité d'Aguanish,OP-25188,98030,213,0 à 999 personnes,680.62,Côte-Nord (09),MRC Minganie (981),À compléter,À compléter,population desservie 181; indice de fuites 0.532; validité des audits 59 %; consommation résidentielle 186 L/personne/jour,"Répertoire des municipalités du Québec (MAMH, publié le Fri, 25 Sep 2026 11:00:13 GMT) et Stratégie québécoise d'économie d'eau potable 2024 (MAMH); téléchargés le 2026-09-29",À compléter
Municipalité de Saint-Léon-Standon,OP-25206,À compléter,À compléter,À compléter,À compléter,À compléter,À compléter,À compléter,À compléter,À compléter,À compléter,À compléter
Municipalité de Cacouna,OP-25306,À compléter,À compléter,À compléter,À compléter,À compléter,À compléter,À compléter,À compléter,À compléter,À compléter,À compléter
Ville de La Pocatière,OP-2527,14082,6344,À compléter,202.05,Bas-Saint-Laurent (01),MRC Kamouraska (140),À compléter,À compléter,À compléter,"Répertoire des municipalités du Québec (MAMH, publié le Fri, 25 Sep 2026 11:00:13 GMT) et Stratégie québécoise d'économie d'eau potable 2024 (MAMH); téléchargés le 2026-09-29",À compléter
Ville de Pont-Rouge,OP-91815,34017,11351,10 000 à 49 999 personnes,123.67,Capitale-Nationale (03),MRC Portneuf (340),À compléter,À compléter,population desservie 10065; indice de fuites 1.391; validité des audits 64 %; consommation résidentielle 229 L/personne/jour,"Répertoire des municipalités du Québec (MAMH, publié le Fri, 25 Sep 2026 11:00:13 GMT) et Stratégie québécoise d'économie d'eau potable 2024 (MAMH); téléchargés le 2026-09-29",À compléter
Ville d'Acton Vale,OP-13827,48028,7996,5 000 à 9 999 personnes,91.09,Montérégie (16),MRC Acton (480),À compléter,À compléter,population desservie 6209; indice de fuites 2.770; validité des audits 64 %; consommation résidentielle 187 L/personne/jour,"Répertoire des municipalités du Québec (MAMH, publié le Fri, 25 Sep 2026 11:00:13 GMT) et Stratégie québécoise d'économie d'eau potable 2024 (MAMH); téléchargés le 2026-09-29",À compléter
Ville de Waterville,OP-70474,44080,2603,1 000 à 4 999 personnes,44.71,Estrie (05),MRC Coaticook (440),À compléter,À compléter,population desservie 1810; indice de fuites 2.096; validité des audits 66 %; consommation résidentielle 183 L/personne/jour,"Répertoire des municipalités du Québec (MAMH, publié le Fri, 25 Sep 2026 11:00:13 GMT) et Stratégie québécoise d'économie d'eau potable 2024 (MAMH); téléchargés le 2026-09-29",À compléter
Corporation d Habitation Jeanne-Mance,OP-2457,À compléter,À compléter,À compléter,À compléter,À compléter,À compléter,À compléter,À compléter,À compléter,À compléter,À compléter
Municipalité de Marston-Canton,OP-25200,À compléter,À compléter,À compléter,À compléter,À compléter,À compléter,À compléter,À compléter,À compléter,À compléter,À compléter
Ville de Kirkland,OP-25134,66102,19689,10 000 à 49 999 personnes,9.62,Montréal (06),À compléter,À compléter,À compléter,population desservie 19018; indice de fuites 1.918; validité des audits 53 %; consommation résidentielle 255 L/personne/jour,"Répertoire des municipalités du Québec (MAMH, publié le Fri, 25 Sep 2026 11:00:13 GMT) et Stratégie québécoise d'économie d'eau potable 2024 (MAMH); téléchargés le 2026-09-29",À compléter
Municipalité de Saint-Herménégilde,OP-91595,44015,760,0 à 999 personnes,168.38,Estrie (05),MRC Coaticook (440),À compléter,À compléter,population desservie 64; indice de fuites 0.681; validité des audits 57 %; consommation résidentielle 237 L/personne/jour,"Répertoire des municipalités du Québec (MAMH, publié le Fri, 25 Sep 2026 11:00:13 GMT) et Stratégie québécoise d'économie d'eau potable 2024 (MAMH); téléchargés le 2026-09-29",À compléter
Municipalité de Saint-Édouard-de-Fabre,OP-13819,85015,675,0 à 999 personnes,216.86,Abitibi-Témiscamingue (08),MRC Témiscamingue (850),À compléter,À compléter,population desservie 405; indice de fuites 5.444; validité des audits 56 %; consommation résidentielle 221 L/personne/jour,"Répertoire des municipalités du Québec (MAMH, publié le Fri, 25 Sep 2026 11:00:13 GMT) et Stratégie québécoise d'économie d'eau potable 2024 (MAMH); téléchargés le 2026-09-29",À compléter
Municipalité Les Coteaux,OP-36624,71033,6295,5 000 à 9 999 personnes,14.5,Montérégie (16),MRC Vaudreuil-Soulanges (710),À compléter,À compléter,population desservie 5938; indice de fuites 2.136; validité des audits 57 %; consommation résidentielle 272 L/personne/jour,"Répertoire des municipalités du Québec (MAMH, publié le Fri, 25 Sep 2026 11:00:13 GMT) et Stratégie québécoise d'économie d'eau potable 2024 (MAMH); téléchargés le 2026-09-29",À compléter
Ville de Lac-Mégantic,OP-25171,30030,5970,5 000 à 9 999 personnes,25.16,Estrie (05),MRC Le Granit (300),À compléter,À compléter,population desservie 5996; indice de fuites 1.094; validité des audits 65 %; consommation résidentielle 156 L/personne/jour,"Répertoire des municipalités du Québec (MAMH, publié le Fri, 25 Sep 2026 11:00:13 GMT) et Stratégie québécoise d'économie d'eau potable 2024 (MAMH); téléchargés le 2026-09-29",À compléter
Ville de Saint-Philippe,OP-70389,67010,8674,5 000 à 9 999 personnes,61.92,Montérégie (16),MRC Roussillon (670),À compléter,À compléter,population desservie 7891; indice de fuites 3.707; validité des audits 66 %; consommation résidentielle 166 L/personne/jour,"Répertoire des municipalités du Québec (MAMH, publié le Fri, 25 Sep 2026 11:00:13 GMT) et Stratégie québécoise d'économie d'eau potable 2024 (MAMH); téléchargés le 2026-09-29",À compléter
Municipalité d'Hébertville,OP-36411,93022,6815,À compléter,380.8,Saguenay--Lac-Saint-Jean (02),MRC Lac-Saint-Jean-Est (930),À compléter,À compléter,À compléter,"Répertoire des municipalités du Québec (MAMH, publié le Fri, 25 Sep 2026 11:00:13 GMT) et Stratégie québécoise d'économie d'eau potable 2024 (MAMH); téléchargés le 2026-09-29",À compléter
Ville de Plessisville,OP-36326,32043,9548,5 000 à 9 999 personnes,145.85,Centre-du-Québec (17),MRC L'Érable (320),À compléter,À compléter,population desservie 7567; indice de fuites 2.859; validité des audits 64 %; consommation résidentielle 183 L/personne/jour,"Répertoire des municipalités du Québec (MAMH, publié le Fri, 25 Sep 2026 11:00:13 GMT) et Stratégie québécoise d'économie d'eau potable 2024 (MAMH); téléchargés le 2026-09-29",À compléter
Ville de Sainte-Anne-des-Monts,OP-2630,04037,6134,À compléter,339.55,Gaspésie--Îles-de-la-Madeleine (11),MRC La Haute-Gaspésie (040),À compléter,À compléter,À compléter,"Répertoire des municipalités du Québec (MAMH, publié le Fri, 25 Sep 2026 11:00:13 GMT) et Stratégie québécoise d'économie d'eau potable 2024 (MAMH); téléchargés le 2026-09-29",À compléter
Municipalité de Rivière-au-Tonnerre,OP-47791,98055,282,0 à 999 personnes,641.71,Côte-Nord (09),MRC Minganie (981),À compléter,À compléter,population desservie 252; indice de fuites 2.043; validité des audits 58 %; consommation résidentielle 328 L/personne/jour,"Répertoire des municipalités du Québec (MAMH, publié le Fri, 25 Sep 2026 11:00:13 GMT) et Stratégie québécoise d'économie d'eau potable 2024 (MAMH); téléchargés le 2026-09-29",À compléter
Municipalité de Saint-Damase-de-Matapédia,OP-25221,À compléter,À compléter,À compléter,À compléter,À compléter,À compléter,À compléter,À compléter,À compléter,À compléter,À compléter
Ville de Hampstead,OP-70532,66062,7466,Aucune donnée,1.77,Montréal (06),À compléter,À compléter,À compléter,À compléter,"Répertoire des municipalités du Québec (MAMH, publié le Fri, 25 Sep 2026 11:00:13 GMT) et Stratégie québécoise d'économie d'eau potable 2024 (MAMH); téléchargés le 2026-09-29",À compléter
Société de transport de Lévis,OP-70373,À compléter,À compléter,À compléter,À compléter,À compléter,À compléter,À compléter,À compléter,À compléter,À compléter,À compléter
Municipalité du Canton de Hemmingford,OP-14080,À compléter,À compléter,À compléter,À compléter,À compléter,À compléter,À compléter,À compléter,À compléter,À compléter,À compléter
Municipalité de Kinnear's Mills,OP-2600,31105,416,Aucune donnée,93.6,Chaudière-Appalaches (12),MRC Les Appalaches (310),À compléter,À compléter,À compléter,"Répertoire des municipalités du Québec (MAMH, publié le Fri, 25 Sep 2026 11:00:13 GMT) et Stratégie québécoise d'économie d'eau potable 2024 (MAMH); téléchargés le 2026-09-29",À compléter
MRC de L'Île-d'Orléans,OP-91527,AR200,6703,À compléter,265.88,Capitale-Nationale (03),À compléter,À compléter,À compléter,À compléter,"Répertoire des municipalités du Québec (MAMH, publié le Fri, 25 Sep 2026 11:00:13 GMT) et Stratégie québécoise d'économie d'eau potable 2024 (MAMH); téléchargés le 2026-09-29",À compléter
Municipalité de Saint-Pierre-Baptiste,OP-14103,32050,623,0 à 999 personnes,82.67,Centre-du-Québec (17),MRC L'Érable (320),À compléter,À compléter,population desservie 200; indice de fuites 0.598; validité des audits 71 %; consommation résidentielle 125 L/personne/jour,"Répertoire des municipalités du Québec (MAMH, publié le Fri, 25 Sep 2026 11:00:13 GMT) et Stratégie québécoise d'économie d'eau potable 2024 (MAMH); téléchargés le 2026-09-29",À compléter
Municipalité de Saint-Denis-de-Brompton,OP-91763,42025,5136,0 à 999 personnes,75.3,Estrie (05),MRC Le Val-Saint-François (420),À compléter,À compléter,population desservie 310; indice de fuites 0.663; validité des audits 59 %; consommation résidentielle 160 L/personne/jour,"Répertoire des municipalités du Québec (MAMH, publié le Fri, 25 Sep 2026 11:00:13 GMT) et Stratégie québécoise d'économie d'eau potable 2024 (MAMH); téléchargés le 2026-09-29",À compléter
Ville de Causapscal,OP-36365,07018,2150,À compléter,162.34,Bas-Saint-Laurent (01),MRC La Matapédia (070),À compléter,À compléter,À compléter,"Répertoire des municipalités du Québec (MAMH, publié le Fri, 25 Sep 2026 11:00:13 GMT) et Stratégie québécoise d'économie d'eau potable 2024 (MAMH); téléchargés le 2026-09-29",À compléter
Municipalité Terrasse-Vaudreuil,OP-2418,71075,1887,1 000 à 4 999 personnes,1.22,Montérégie (16),MRC Vaudreuil-Soulanges (710),À compléter,À compléter,population desservie 1922; indice de fuites 3.002; validité des audits 50 %; consommation résidentielle 219 L/personne/jour,"Répertoire des municipalités du Québec (MAMH, publié le Fri, 25 Sep 2026 11:00:13 GMT) et Stratégie québécoise d'économie d'eau potable 2024 (MAMH); téléchargés le 2026-09-29",À compléter
Municipalité de Kamouraska,OP-59238,14050,613,0 à 999 personnes,146.33,Bas-Saint-Laurent (01),MRC Kamouraska (140),À compléter,À compléter,population desservie 495; indice de fuites 2.726; validité des audits 65 %; consommation résidentielle 198 L/personne/jour,"Répertoire des municipalités du Québec (MAMH, publié le Fri, 25 Sep 2026 11:00:13 GMT) et Stratégie québécoise d'économie d'eau potable 2024 (MAMH); téléchargés le 2026-09-29",À compléter
Corporation Municipale de Elgin,OP-25313,69050,393,Aucune donnée,69.51,Montérégie (16),MRC Le Haut-Saint-Laurent (690),À compléter,À compléter,À compléter,"Répertoire des municipalités du Québec (MAMH, publié le Fri, 25 Sep 2026 11:00:13 GMT) et Stratégie québécoise d'économie d'eau potable 2024 (MAMH); téléchargés le 2026-09-29",À compléter
Municipalité de Saint-François-de-Sales,OP-36406,91015,617,0 à 999 personnes,203.18,Saguenay--Lac-Saint-Jean (02),MRC Le Domaine-du-Roy (910),À compléter,À compléter,population desservie 556; indice de fuites 15.92; validité des audits 54 %; consommation résidentielle 157 L/personne/jour,"Répertoire des municipalités du Québec (MAMH, publié le Fri, 25 Sep 2026 11:00:13 GMT) et Stratégie québécoise d'économie d'eau potable 2024 (MAMH); téléchargés le 2026-09-29",À compléter
Municipalité de Saint-Édouard-de-Lotbinière,OP-2451,33080,1293,0 à 999 personnes,98.92,Chaudière-Appalaches (12),MRC Lotbinière (330),À compléter,À compléter,population desservie 752; indice de fuites 2.229; validité des audits 58 %; consommation résidentielle 200 L/personne/jour,"Répertoire des municipalités du Québec (MAMH, publié le Fri, 25 Sep 2026 11:00:13 GMT) et Stratégie québécoise d'économie d'eau potable 2024 (MAMH); téléchargés le 2026-09-29",À compléter
Municipalité de Saint-Paul-de-l'Île-aux-Noix,OP-13754,56035,2320,Aucune donnée,37.21,Montérégie (16),MRC Le Haut-Richelieu (560),À compléter,À compléter,À compléter,"Répertoire des municipalités du Québec (MAMH, publié le Fri, 25 Sep 2026 11:00:13 GMT) et Stratégie québécoise d'économie d'eau potable 2024 (MAMH); téléchargés le 2026-09-29",À compléter
Municipalité de Chelsea,OP-36463,82025,9070,Aucune donnée,120.86,Outaouais (07),MRC Les Collines-de-l'Outaouais (820),À compléter,À compléter,À compléter,"Répertoire des municipalités du Québec (MAMH, publié le Fri, 25 Sep 2026 11:00:13 GMT) et Stratégie québécoise d'économie d'eau potable 2024 (MAMH); téléchargés le 2026-09-29",À compléter
Municipalité de Bristol,OP-91798,84005,1157,Aucune donnée,235.03,Outaouais (07),MRC Pontiac (840),À compléter,À compléter,À compléter,"Répertoire des municipalités du Québec (MAMH, publié le Fri, 25 Sep 2026 11:00:13 GMT) et Stratégie québécoise d'économie d'eau potable 2024 (MAMH); téléchargés le 2026-09-29",À compléter
Municipalité de Saint-Félix-de-Valois,OP-70506,62007,7690,5 000 à 9 999 personnes,89.26,Lanaudière (14),MRC Matawinie (620),À compléter,À compléter,population desservie 5285; indice de fuites 2.093; validité des audits 61 %; consommation résidentielle 207 L/personne/jour,"Répertoire des municipalités du Québec (MAMH, publié le Fri, 25 Sep 2026 11:00:13 GMT) et Stratégie québécoise d'économie d'eau potable 2024 (MAMH); téléchargés le 2026-09-29",À compléter
Municipalité de Saint-Donat-de-Rimouski,OP-81801,À compléter,À compléter,À compléter,À compléter,À compléter,À compléter,À compléter,À compléter,À compléter,À compléter,À compléter
Municipalité de Trois-Rives,OP-81532,35055,448,Aucune donnée,653.53,Mauricie (04),MRC Mékinac (350),À compléter,À compléter,À compléter,"Répertoire des municipalités du Québec (MAMH, publié le Fri, 25 Sep 2026 11:00:13 GMT) et Stratégie québécoise d'économie d'eau potable 2024 (MAMH); téléchargés le 2026-09-29",À compléter
M. Baie Sainte Catherine,OP-81655,À compléter,À compléter,À compléter,À compléter,À compléter,À compléter,À compléter,À compléter,À compléter,À compléter,À compléter
Municipalité de Sainte-Thècle,OP-59147,35050,2426,1 000 à 4 999 personnes,221.45,Mauricie (04),MRC Mékinac (350),À compléter,À compléter,population desservie 1982; indice de fuites 2.927; validité des audits 64 %; consommation résidentielle 202 L/personne/jour,"Répertoire des municipalités du Québec (MAMH, publié le Fri, 25 Sep 2026 11:00:13 GMT) et Stratégie québécoise d'économie d'eau potable 2024 (MAMH); téléchargés le 2026-09-29",À compléter
Municipalité de Larouche,OP-14116,94265,1737,1 000 à 4 999 personnes,89.2,Saguenay--Lac-Saint-Jean (02),MRC Le Fjord-du-Saguenay (942),À compléter,À compléter,population desservie 1197; indice de fuites 0.768; validité des audits 64 %; consommation résidentielle 202 L/personne/jour,"Répertoire des municipalités du Québec (MAMH, publié le Fri, 25 Sep 2026 11:00:13 GMT) et Stratégie québécoise d'économie d'eau potable 2024 (MAMH); téléchargés le 2026-09-29",À compléter
Ville de Lac-Brome,OP-36551,46075,6317,1 000 à 4 999 personnes,222.88,Estrie (05),MRC Brome-Missisquoi (460),À compléter,À compléter,population desservie 3762; indice de fuites 1.885; validité des audits 64 %; consommation résidentielle 263 L/personne/jour,"Répertoire des municipalités du Québec (MAMH, publié le Fri, 25 Sep 2026 11:00:13 GMT) et Stratégie québécoise d'économie d'eau potable 2024 (MAMH); téléchargés le 2026-09-29",À compléter
Municipalité de Chartierville,OP-36424,41020,323,Aucune donnée,141.78,Estrie (05),MRC Le Haut-Saint-François (410),À compléter,À compléter,À compléter,"Répertoire des municipalités du Québec (MAMH, publié le Fri, 25 Sep 2026 11:00:13 GMT) et Stratégie québécoise d'économie d'eau potable 2024 (MAMH); téléchargés le 2026-09-29",À compléter
Municipalité de Ripon,OP-70328,80078,1857,0 à 999 personnes,136.76,Outaouais (07),MRC Papineau (800),À compléter,À compléter,population desservie 659; indice de fuites 0.787; validité des audits 43 %; consommation résidentielle 216 L/personne/jour,"Répertoire des municipalités du Québec (MAMH, publié le Fri, 25 Sep 2026 11:00:13 GMT) et Stratégie québécoise d'économie d'eau potable 2024 (MAMH); téléchargés le 2026-09-29",À compléter
Ville de Saint-Basile-le-Grand,OP-36588,57020,17196,10 000 à 49 999 personnes,36.83,Montérégie (16),MRC La Vallée-du-Richelieu (570),À compléter,À compléter,population desservie 17302; indice de fuites 2.988; validité des audits 63 %; consommation résidentielle 229 L/personne/jour,"Répertoire des municipalités du Québec (MAMH, publié le Fri, 25 Sep 2026 11:00:13 GMT) et Stratégie québécoise d'économie d'eau potable 2024 (MAMH); téléchargés le 2026-09-29",À compléter
Régie d'aqueduc de Grand Pré,OP-2604,À compléter,À compléter,À compléter,À compléter,À compléter,À compléter,À compléter,À compléter,À compléter,À compléter,À compléter
Municipalité de Roxton Pond,OP-91542,47047,4881,1 000 à 4 999 personnes,103.13,Estrie (05),MRC La Haute-Yamaska (470),À compléter,À compléter,population desservie 3283; indice de fuites 0.244; validité des audits 73 %; consommation résidentielle 144 L/personne/jour,"Répertoire des municipalités du Québec (MAMH, publié le Fri, 25 Sep 2026 11:00:13 GMT) et Stratégie québécoise d'économie d'eau potable 2024 (MAMH); téléchargés le 2026-09-29",À compléter
Municipalité du Village de Howick,OP-2387,69025,871,Aucune donnée,.96,Montérégie (16),MRC Le Haut-Saint-Laurent (690),À compléter,À compléter,À compléter,"Répertoire des municipalités du Québec (MAMH, publié le Fri, 25 Sep 2026 11:00:13 GMT) et Stratégie québécoise d'économie d'eau potable 2024 (MAMH); téléchargés le 2026-09-29",À compléter
Municipalité Saint-Patrice-de-Beaurivage,OP-2517,33025,1087,Aucune donnée,85.61,Chaudière-Appalaches (12),MRC Lotbinière (330),À compléter,À compléter,À compléter,"Répertoire des municipalités du Québec (MAMH, publié le Fri, 25 Sep 2026 11:00:13 GMT) et Stratégie québécoise d'économie d'eau potable 2024 (MAMH); téléchargés le 2026-09-29",À compléter
Municipalité de Mayo,OP-81613,80065,751,Aucune donnée,76.22,Outaouais (07),MRC Papineau (800),À compléter,À compléter,À compléter,"Répertoire des municipalités du Québec (MAMH, publié le Fri, 25 Sep 2026 11:00:13 GMT) et Stratégie québécoise d'économie d'eau potable 2024 (MAMH); téléchargés le 2026-09-29",À compléter
Municipalité régionale de comté de Marguerite-D'Youville,OP-13873,AR590,83666,À compléter,406.27,Montérégie (16),À compléter,À compléter,À compléter,À compléter,"Répertoire des municipalités du Québec (MAMH, publié le Fri, 25 Sep 2026 11:00:13 GMT) et Stratégie québécoise d'économie d'eau potable 2024 (MAMH); téléchargés le 2026-09-29",À compléter
Municipalité de Laforce,OP-14073,85070,587,Aucune donnée,590.45,Abitibi-Témiscamingue (08),MRC Témiscamingue (850),À compléter,À compléter,À compléter,"Répertoire des municipalités du Québec (MAMH, publié le Fri, 25 Sep 2026 11:00:13 GMT) et Stratégie québécoise d'économie d'eau potable 2024 (MAMH); téléchargés le 2026-09-29",À compléter
Ville de Val-des-Sources,OP-25241,40043,7327,5 000 à 9 999 personnes,32.02,Estrie (05),MRC Les Sources (400),À compléter,À compléter,population desservie 7092; indice de fuites 5.377; validité des audits 58 %; consommation résidentielle 178 L/personne/jour,"Répertoire des municipalités du Québec (MAMH, publié le Fri, 25 Sep 2026 11:00:13 GMT) et Stratégie québécoise d'économie d'eau potable 2024 (MAMH); téléchargés le 2026-09-29",À compléter
Municipalité Saint-Zéphirin-de-Courval,OP-70329,50090,748,0 à 999 personnes,71.77,Centre-du-Québec (17),MRC Nicolet-Yamaska (500),À compléter,À compléter,population desservie 507; indice de fuites 0.441; validité des audits 72 %; consommation résidentielle 213 L/personne/jour,"Répertoire des municipalités du Québec (MAMH, publié le Fri, 25 Sep 2026 11:00:13 GMT) et Stratégie québécoise d'économie d'eau potable 2024 (MAMH); téléchargés le 2026-09-29",À compléter
Promotion Saguenay inc,OP-36414,À compléter,À compléter,À compléter,À compléter,À compléter,À compléter,À compléter,À compléter,À compléter,À compléter,À compléter
Régie de gestion intercommunautaire des eaux de Matimekush-Lac John,OP-20030928,À compléter,À compléter,À compléter,À compléter,À compléter,À compléter,À compléter,À compléter,À compléter,À compléter,À compléter
MRC de Rivière-du-Loup,OP-36558,AR120,36429,À compléter,1778.9,Bas-Saint-Laurent (01),À compléter,À compléter,À compléter,À compléter,"Répertoire des municipalités du Québec (MAMH, publié le Fri, 25 Sep 2026 11:00:13 GMT) et Stratégie québécoise d'économie d'eau potable 2024 (MAMH); téléchargés le 2026-09-29",À compléter
Gouvernement régional d'Eeyou Istchee Baie-James,OP-13811,À compléter,À compléter,À compléter,À compléter,À compléter,À compléter,À compléter,À compléter,À compléter,À compléter,À compléter
Régie intermunicipale de la sécurité incendie du Témiscamingue,OP-59118,À compléter,À compléter,À compléter,À compléter,À compléter,À compléter,À compléter,À compléter,À compléter,À compléter,À compléter
Municipalité de Saint-Sylvère,OP-13717,38005,790,0 à 999 personnes,87.23,Centre-du-Québec (17),MRC Bécancour (380),À compléter,À compléter,population desservie 221; indice de fuites 2.011; validité des audits 61 %; consommation résidentielle 240 L/personne/jour,"Répertoire des municipalités du Québec (MAMH, publié le Fri, 25 Sep 2026 11:00:13 GMT) et Stratégie québécoise d'économie d'eau potable 2024 (MAMH); téléchargés le 2026-09-29",À compléter
Régie de Police du Lac Des Deux-Montagnes,OP-25042,À compléter,À compléter,À compléter,À compléter,À compléter,À compléter,À compléter,À compléter,À compléter,À compléter,À compléter
Ville de Baie-Saint-Paul,OP-59203,16013,7801,5 000 à 9 999 personnes,564.36,Capitale-Nationale (03),MRC Charlevoix (160),À compléter,À compléter,population desservie 6513; indice de fuites 1.962; validité des audits 56 %; consommation résidentielle 236 L/personne/jour,"Répertoire des municipalités du Québec (MAMH, publié le Fri, 25 Sep 2026 11:00:13 GMT) et Stratégie québécoise d'économie d'eau potable 2024 (MAMH); téléchargés le 2026-09-29",À compléter
Municipalité Saint-Jean-de-l'Île-d'Orléans,OP-14083,20015,1020,Aucune donnée,43.63,Capitale-Nationale (03),MRC L'Île-d'Orléans (200),À compléter,À compléter,À compléter,"Répertoire des municipalités du Québec (MAMH, publié le Fri, 25 Sep 2026 11:00:13 GMT) et Stratégie québécoise d'économie d'eau potable 2024 (MAMH); téléchargés le 2026-09-29",À compléter
Ville de Saint-Pamphile,OP-2351,17010,2391,1 000 à 4 999 personnes,138.39,Chaudière-Appalaches (12),MRC L'Islet (170),À compléter,À compléter,population desservie 1891; indice de fuites 3.230; validité des audits 51 %; consommation résidentielle 115 L/personne/jour,"Répertoire des municipalités du Québec (MAMH, publié le Fri, 25 Sep 2026 11:00:13 GMT) et Stratégie québécoise d'économie d'eau potable 2024 (MAMH); téléchargés le 2026-09-29",À compléter
Centre de Services des Offices d'Habitation de Lanaudière,OP-36550,À compléter,À compléter,À compléter,À compléter,À compléter,À compléter,À compléter,À compléter,À compléter,À compléter,À compléter
Ville de Saint-Antonin,OP-13836,12015,4630,1 000 à 4 999 personnes,177.32,Bas-Saint-Laurent (01),MRC Rivière-du-Loup (120),À compléter,À compléter,population desservie 3506; indice de fuites 2.063; validité des audits 57 %; consommation résidentielle 145 L/personne/jour,"Répertoire des municipalités du Québec (MAMH, publié le Fri, 25 Sep 2026 11:00:13 GMT) et Stratégie québécoise d'économie d'eau potable 2024 (MAMH); téléchargés le 2026-09-29",À compléter
Ville de La Prairie,OP-70508,67015,27145,10 000 à 49 999 personnes,52.62,Montérégie (16),MRC Roussillon (670),À compléter,À compléter,population desservie 26935; indice de fuites 3.366; validité des audits 66 %; consommation résidentielle 284 L/personne/jour,"Répertoire des municipalités du Québec (MAMH, publié le Fri, 25 Sep 2026 11:00:13 GMT) et Stratégie québécoise d'économie d'eau potable 2024 (MAMH); téléchargés le 2026-09-29",À compléter
Municipalité de Saint-Cyprien,OP-81659,À compléter,À compléter,À compléter,À compléter,À compléter,À compléter,À compléter,À compléter,À compléter,À compléter,À compléter
Ville de Charlemagne,OP-47776,60005,6658,5 000 à 9 999 personnes,2.31,Lanaudière (14),MRC L'Assomption (600),À compléter,À compléter,population desservie 6495; indice de fuites 4.177; validité des audits 76 %; consommation résidentielle 208 L/personne/jour,"Répertoire des municipalités du Québec (MAMH, publié le Fri, 25 Sep 2026 11:00:13 GMT) et Stratégie québécoise d'économie d'eau potable 2024 (MAMH); téléchargés le 2026-09-29",À compléter
Saint-Pie-de-Guire,OP-81604,49130,463,0 à 999 personnes,52.53,Centre-du-Québec (17),MRC Drummond (490),À compléter,À compléter,population desservie 274; indice de fuites 0.389; validité des audits 63 %; consommation résidentielle 145 L/personne/jour,"Répertoire des municipalités du Québec (MAMH, publié le Fri, 25 Sep 2026 11:00:13 GMT) et Stratégie québécoise d'économie d'eau potable 2024 (MAMH); téléchargés le 2026-09-29",À compléter
Corporation municipale de Godbout,OP-47923,96010,271,Aucune donnée,204.37,Côte-Nord (09),MRC Manicouagan (960),À compléter,À compléter,À compléter,"Répertoire des municipalités du Québec (MAMH, publié le Fri, 25 Sep 2026 11:00:13 GMT) et Stratégie québécoise d'économie d'eau potable 2024 (MAMH); téléchargés le 2026-09-29",À compléter
Régie de transport en commun de Shawinigan,OP-91606,À compléter,À compléter,À compléter,À compléter,À compléter,À compléter,À compléter,À compléter,À compléter,À compléter,À compléter
Municipalité Egan-Sud,OP-2463,83075,535,Aucune donnée,51.03,Outaouais (07),MRC La Vallée-de-la-Gatineau (830),À compléter,À compléter,À compléter,"Répertoire des municipalités du Québec (MAMH, publié le Fri, 25 Sep 2026 11:00:13 GMT) et Stratégie québécoise d'économie d'eau potable 2024 (MAMH); téléchargés le 2026-09-29",À compléter
Municipalité de Saint-Didace,OP-2498,52090,748,0 à 999 personnes,103.26,Lanaudière (14),MRC D'Autray (520),À compléter,À compléter,population desservie 84; indice de fuites 0.701; validité des audits 63 %; consommation résidentielle 181 L/personne/jour,"Répertoire des municipalités du Québec (MAMH, publié le Fri, 25 Sep 2026 11:00:13 GMT) et Stratégie québécoise d'économie d'eau potable 2024 (MAMH); téléchargés le 2026-09-29",À compléter
Société de transport du Saguenay,OP-25201,À compléter,À compléter,À compléter,À compléter,À compléter,À compléter,À compléter,À compléter,À compléter,À compléter,À compléter
Municipalité de Saint-Jean-Port-Joli,OP-13869,17070,3330,Aucune donnée,242.08,Chaudière-Appalaches (12),MRC L'Islet (170),À compléter,À compléter,À compléter,"Répertoire des municipalités du Québec (MAMH, publié le Fri, 25 Sep 2026 11:00:13 GMT) et Stratégie québécoise d'économie d'eau potable 2024 (MAMH); téléchargés le 2026-09-29",À compléter
Ville de Saint-Basile,OP-13854,34038,2922,1 000 à 4 999 personnes,98.93,Capitale-Nationale (03),MRC Portneuf (340),À compléter,À compléter,population desservie 2227; indice de fuites 5.471; validité des audits 62 %; consommation résidentielle 150 L/personne/jour,"Répertoire des municipalités du Québec (MAMH, publié le Fri, 25 Sep 2026 11:00:13 GMT) et Stratégie québécoise d'économie d'eau potable 2024 (MAMH); téléchargés le 2026-09-29",À compléter
MRC de Charlevoix,OP-36594,AR160,14287,À compléter,3935.68,Capitale-Nationale (03),À compléter,À compléter,À compléter,À compléter,"Répertoire des municipalités du Québec (MAMH, publié le Fri, 25 Sep 2026 11:00:13 GMT) et Stratégie québécoise d'économie d'eau potable 2024 (MAMH); téléchargés le 2026-09-29",À compléter
Municipalité de Saint-Ubalde,OP-91627,34090,1573,1 000 à 4 999 personnes,147.42,Capitale-Nationale (03),MRC Portneuf (340),À compléter,À compléter,population desservie 1080; indice de fuites 2.586; validité des audits 59 %; consommation résidentielle 251 L/personne/jour,"Répertoire des municipalités du Québec (MAMH, publié le Fri, 25 Sep 2026 11:00:13 GMT) et Stratégie québécoise d'économie d'eau potable 2024 (MAMH); téléchargés le 2026-09-29",À compléter
Municipalité de Saint-Joseph-de-Kamouraska,OP-59202,14030,401,Aucune donnée,86.92,Bas-Saint-Laurent (01),MRC Kamouraska (140),À compléter,À compléter,À compléter,"Répertoire des municipalités du Québec (MAMH, publié le Fri, 25 Sep 2026 11:00:13 GMT) et Stratégie québécoise d'économie d'eau potable 2024 (MAMH); téléchargés le 2026-09-29",À compléter
Municipalité de Notre-Dame-du-Mont-Carmel,OP-2377,37235,6634,5 000 à 9 999 personnes,130.62,Mauricie (04),MRC Des Chenaux (372),À compléter,À compléter,population desservie 6578; indice de fuites 3.493; validité des audits 62 %; consommation résidentielle 167 L/personne/jour,"Répertoire des municipalités du Québec (MAMH, publié le Fri, 25 Sep 2026 11:00:13 GMT) et Stratégie québécoise d'économie d'eau potable 2024 (MAMH); téléchargés le 2026-09-29",À compléter
MRC du Granit,OP-47746,AR300,21935,À compléter,2736.03,Estrie (05),À compléter,À compléter,À compléter,À compléter,"Répertoire des municipalités du Québec (MAMH, publié le Fri, 25 Sep 2026 11:00:13 GMT) et Stratégie québécoise d'économie d'eau potable 2024 (MAMH); téléchargés le 2026-09-29",À compléter
Corporation municipale Canton Launay,OP-13712,88080,203,Aucune donnée,259.22,Abitibi-Témiscamingue (08),MRC Abitibi (880),À compléter,À compléter,À compléter,"Répertoire des municipalités du Québec (MAMH, publié le Fri, 25 Sep 2026 11:00:13 GMT) et Stratégie québécoise d'économie d'eau potable 2024 (MAMH); téléchargés le 2026-09-29",À compléter
Ville de Richelieu,OP-59276,55057,6070,5 000 à 9 999 personnes,32.43,Montérégie (16),MRC Rouville (550),À compléter,À compléter,population desservie 5191; indice de fuites 8.428; validité des audits 65 %; consommation résidentielle 160 L/personne/jour,"Répertoire des municipalités du Québec (MAMH, publié le Fri, 25 Sep 2026 11:00:13 GMT) et Stratégie québécoise d'économie d'eau potable 2024 (MAMH); téléchargés le 2026-09-29",À compléter
Régie intermunicipale de gestion des matières résiduelles de Brome-Missisquoi,OP-25126,À compléter,À compléter,À compléter,À compléter,À compléter,À compléter,À compléter,À compléter,À compléter,À compléter,À compléter
Municipalité de Grand - Remous,OP-81638,83095,1235,Aucune donnée,509.89,Outaouais (07),MRC La Vallée-de-la-Gatineau (830),À compléter,À compléter,À compléter,"Répertoire des municipalités du Québec (MAMH, publié le Fri, 25 Sep 2026 11:00:13 GMT) et Stratégie québécoise d'économie d'eau potable 2024 (MAMH); téléchargés le 2026-09-29",À compléter
Municipalité de Saint-Odilon-de-Cranbourne,OP-70280,27035,1469,1 000 à 4 999 personnes,130.67,Chaudière-Appalaches (12),MRC Beauce-Centre (270),À compléter,À compléter,population desservie 1073; indice de fuites 0.933; validité des audits 57 %; consommation résidentielle 218 L/personne/jour,"Répertoire des municipalités du Québec (MAMH, publié le Fri, 25 Sep 2026 11:00:13 GMT) et Stratégie québécoise d'économie d'eau potable 2024 (MAMH); téléchargés le 2026-09-29",À compléter
Ville de Rivière-Rouge,OP-47965,79037,4883,Aucune donnée,499.6,Laurentides (15),MRC Antoine-Labelle (790),À compléter,À compléter,À compléter,"Répertoire des municipalités du Québec (MAMH, publié le Fri, 25 Sep 2026 11:00:13 GMT) et Stratégie québécoise d'économie d'eau potable 2024 (MAMH); téléchargés le 2026-09-29",À compléter
Municipalité de Saint-Jean-Baptiste,OP-91541,57033,3335,Aucune donnée,72.88,Montérégie (16),MRC La Vallée-du-Richelieu (570),À compléter,À compléter,À compléter,"Répertoire des municipalités du Québec (MAMH, publié le Fri, 25 Sep 2026 11:00:13 GMT) et Stratégie québécoise d'économie d'eau potable 2024 (MAMH); téléchargés le 2026-09-29",À compléter
Municipalité Canton Lochaber,OP-36428,80055,504,Aucune donnée,71.76,Outaouais (07),MRC Papineau (800),À compléter,À compléter,À compléter,"Répertoire des municipalités du Québec (MAMH, publié le Fri, 25 Sep 2026 11:00:13 GMT) et Stratégie québécoise d'économie d'eau potable 2024 (MAMH); téléchargés le 2026-09-29",À compléter
Municipalité de Notre-Dame-de-Stanbridge,OP-91629,46100,707,Aucune donnée,44.04,Estrie (05),MRC Brome-Missisquoi (460),À compléter,À compléter,À compléter,"Répertoire des municipalités du Québec (MAMH, publié le Fri, 25 Sep 2026 11:00:13 GMT) et Stratégie québécoise d'économie d'eau potable 2024 (MAMH); téléchargés le 2026-09-29",À compléter
Municipalité de Saint-Justin,OP-70323,51045,972,Aucune donnée,79.95,Mauricie (04),MRC Maskinongé (510),À compléter,À compléter,À compléter,"Répertoire des municipalités du Québec (MAMH, publié le Fri, 25 Sep 2026 11:00:13 GMT) et Stratégie québécoise d'économie d'eau potable 2024 (MAMH); téléchargés le 2026-09-29",À compléter
Municipalité du Village de Hemmingford,OP-25266,À compléter,À compléter,À compléter,À compléter,À compléter,À compléter,À compléter,À compléter,À compléter,À compléter,À compléter
Municipalité Notre-Dame-des-Bois,OP-47850,30010,1207,0 à 999 personnes,191.5,Estrie (05),MRC Le Granit (300),À compléter,À compléter,population desservie 268; indice de fuites 4.670; validité des audits 59 %; consommation résidentielle 108 L/personne/jour,"Répertoire des municipalités du Québec (MAMH, publié le Fri, 25 Sep 2026 11:00:13 GMT) et Stratégie québécoise d'économie d'eau potable 2024 (MAMH); téléchargés le 2026-09-29",À compléter
Municipalité des Cèdres,OP-70425,71050,7150,Aucune donnée,88.09,Montérégie (16),MRC Vaudreuil-Soulanges (710),À compléter,À compléter,À compléter,"Répertoire des municipalités du Québec (MAMH, publié le Fri, 25 Sep 2026 11:00:13 GMT) et Stratégie québécoise d'économie d'eau potable 2024 (MAMH); téléchargés le 2026-09-29",À compléter
Municipalité de Nominingue,OP-59093,79030,2288,0 à 999 personnes,361.07,Laurentides (15),MRC Antoine-Labelle (790),À compléter,À compléter,population desservie 832; indice de fuites 3.261; validité des audits 61 %; consommation résidentielle 292 L/personne/jour,"Répertoire des municipalités du Québec (MAMH, publié le Fri, 25 Sep 2026 11:00:13 GMT) et Stratégie québécoise d'économie d'eau potable 2024 (MAMH); téléchargés le 2026-09-29",À compléter
Ville de Saint-Amable,OP-70460,59015,14129,10 000 à 49 999 personnes,36.83,Montérégie (16),MRC Marguerite-D'Youville (590),À compléter,À compléter,population desservie 13796; indice de fuites 2.851; validité des audits 63 %; consommation résidentielle 199 L/personne/jour,"Répertoire des municipalités du Québec (MAMH, publié le Fri, 25 Sep 2026 11:00:13 GMT) et Stratégie québécoise d'économie d'eau potable 2024 (MAMH); téléchargés le 2026-09-29",À compléter
Municipalité de Sainte-Geneviève-de-Batiscan,OP-91789,37215,1141,0 à 999 personnes,100.38,Mauricie (04),MRC Des Chenaux (372),À compléter,À compléter,population desservie 804; indice de fuites 0.555; validité des audits 71 %; consommation résidentielle 203 L/personne/jour,"Répertoire des municipalités du Québec (MAMH, publié le Fri, 25 Sep 2026 11:00:13 GMT) et Stratégie québécoise d'économie d'eau potable 2024 (MAMH); téléchargés le 2026-09-29",À compléter
Municipalité d'Adstock,OP-47861,31056,3198,1 000 à 4 999 personnes,306.9,Chaudière-Appalaches (12),MRC Les Appalaches (310),À compléter,À compléter,population desservie 1422; indice de fuites 1.862; validité des audits 61 %; consommation résidentielle 140 L/personne/jour,"Répertoire des municipalités du Québec (MAMH, publié le Fri, 25 Sep 2026 11:00:13 GMT) et Stratégie québécoise d'économie d'eau potable 2024 (MAMH); téléchargés le 2026-09-29",À compléter
Municipalité de la Côte-Nord-du-Golfe-du-Saint-Laurent,OP-2456,98015,752,0 à 999 personnes,3061.67,Côte-Nord (09),MRC Le Golfe-du-Saint-Laurent (982),À compléter,À compléter,population desservie 306; indice de fuites 0.475; validité des audits 64 %; consommation résidentielle 135 L/personne/jour,"Répertoire des municipalités du Québec (MAMH, publié le Fri, 25 Sep 2026 11:00:13 GMT) et Stratégie québécoise d'économie d'eau potable 2024 (MAMH); téléchargés le 2026-09-29",À compléter
Municipalité Saint-Ambroise-de-Kildare,OP-36465,61040,4611,1 000 à 4 999 personnes,67.82,Lanaudière (14),MRC Joliette (610),À compléter,À compléter,population desservie 3485; indice de fuites 0.591; validité des audits 61 %; consommation résidentielle 206 L/personne/jour,"Répertoire des municipalités du Québec (MAMH, publié le Fri, 25 Sep 2026 11:00:13 GMT) et Stratégie québécoise d'économie d'eau potable 2024 (MAMH); téléchargés le 2026-09-29",À compléter
Municipalité de Saint-Nazaire-d'Acton,OP-13695,48050,915,Aucune donnée,58.21,Montérégie (16),MRC Acton (480),À compléter,À compléter,À compléter,"Répertoire des municipalités du Québec (MAMH, publié le Fri, 25 Sep 2026 11:00:13 GMT) et Stratégie québécoise d'économie d'eau potable 2024 (MAMH); téléchargés le 2026-09-29",À compléter
MRC de Caniapiscau,OP-81712,AR972,2396,À compléter,80427.92,Côte-Nord (09),À compléter,À compléter,À compléter,À compléter,"Répertoire des municipalités du Québec (MAMH, publié le Fri, 25 Sep 2026 11:00:13 GMT) et Stratégie québécoise d'économie d'eau potable 2024 (MAMH); téléchargés le 2026-09-29",À compléter
Municipalité de Val-Brillant,OP-13843,07080,948,À compléter,91.71,Bas-Saint-Laurent (01),MRC La Matapédia (070),À compléter,À compléter,indice de fuites 1.897,"Répertoire des municipalités du Québec (MAMH, publié le Fri, 25 Sep 2026 11:00:13 GMT) et Stratégie québécoise d'économie d'eau potable 2024 (MAMH); téléchargés le 2026-09-29",À compléter
Ville de Coaticook,OP-59281,44037,9163,5 000 à 9 999 personnes,222.73,Estrie (05),MRC Coaticook (440),À compléter,À compléter,population desservie 8806; indice de fuites 0.892; validité des audits 62 %; consommation résidentielle 234 L/personne/jour,"Répertoire des municipalités du Québec (MAMH, publié le Fri, 25 Sep 2026 11:00:13 GMT) et Stratégie québécoise d'économie d'eau potable 2024 (MAMH); téléchargés le 2026-09-29",À compléter
Ville de Métabetchouan-Lac-à-la-Croix,OP-59165,93012,4229,1 000 à 4 999 personnes,193.22,Saguenay--Lac-Saint-Jean (02),MRC Lac-Saint-Jean-Est (930),À compléter,À compléter,population desservie 3192; indice de fuites 2.490; validité des audits 59 %; consommation résidentielle 357 L/personne/jour,"Répertoire des municipalités du Québec (MAMH, publié le Fri, 25 Sep 2026 11:00:13 GMT) et Stratégie québécoise d'économie d'eau potable 2024 (MAMH); téléchargés le 2026-09-29",À compléter
Ville de Fermont,OP-70415,97035,2125,1 000 à 4 999 personnes,503.05,Côte-Nord (09),MRC Caniapiscau (972),À compléter,À compléter,population desservie 3328; indice de fuites 2.931; validité des audits 59 %; consommation résidentielle 269 L/personne/jour,"Répertoire des municipalités du Québec (MAMH, publié le Fri, 25 Sep 2026 11:00:13 GMT) et Stratégie québécoise d'économie d'eau potable 2024 (MAMH); téléchargés le 2026-09-29",À compléter
Ville de Rigaud,OP-25229,71133,8167,1 000 à 4 999 personnes,113.72,Montérégie (16),MRC Vaudreuil-Soulanges (710),À compléter,À compléter,population desservie 4598; indice de fuites 2.000; validité des audits 58 %; consommation résidentielle 237 L/personne/jour,"Répertoire des municipalités du Québec (MAMH, publié le Fri, 25 Sep 2026 11:00:13 GMT) et Stratégie québécoise d'économie d'eau potable 2024 (MAMH); téléchargés le 2026-09-29",À compléter
Ville de Bécancour,OP-81536,38010,14788,10 000 à 49 999 personnes,495.28,Centre-du-Québec (17),MRC Bécancour (380),À compléter,À compléter,population desservie 14930; indice de fuites 1.138; validité des audits 54 %; consommation résidentielle 256 L/personne/jour,"Répertoire des municipalités du Québec (MAMH, publié le Fri, 25 Sep 2026 11:00:13 GMT) et Stratégie québécoise d'économie d'eau potable 2024 (MAMH); téléchargés le 2026-09-29",À compléter
Municipalité de Notre-Dame-du-Bon-Conseil Village,OP-81893,À compléter,À compléter,À compléter,À compléter,À compléter,À compléter,À compléter,À compléter,À compléter,À compléter,À compléter
Municipalité d'Ormstown,OP-91596,69037,4277,1 000 à 4 999 personnes,143.73,Montérégie (16),MRC Le Haut-Saint-Laurent (690),À compléter,À compléter,population desservie 3294; indice de fuites 8.777; validité des audits 64 %; consommation résidentielle 150 L/personne/jour,"Répertoire des municipalités du Québec (MAMH, publié le Fri, 25 Sep 2026 11:00:13 GMT) et Stratégie québécoise d'économie d'eau potable 2024 (MAMH); téléchargés le 2026-09-29",À compléter
Municipalité de Saint-Joachim-de-Shefford,OP-81790,47040,1551,Aucune donnée,128.93,Estrie (05),MRC La Haute-Yamaska (470),À compléter,À compléter,À compléter,"Répertoire des municipalités du Québec (MAMH, publié le Fri, 25 Sep 2026 11:00:13 GMT) et Stratégie québécoise d'économie d'eau potable 2024 (MAMH); téléchargés le 2026-09-29",À compléter
Ville de Saint-Marc-des-Carrières,OP-81670,34065,2968,Aucune donnée,17.68,Capitale-Nationale (03),MRC Portneuf (340),À compléter,À compléter,À compléter,"Répertoire des municipalités du Québec (MAMH, publié le Fri, 25 Sep 2026 11:00:13 GMT) et Stratégie québécoise d'économie d'eau potable 2024 (MAMH); téléchargés le 2026-09-29",À compléter
Régie intermunicipale de gestion des matières résiduelles du Kamouraska,OP-36391,À compléter,À compléter,À compléter,À compléter,À compléter,À compléter,À compléter,À compléter,À compléter,À compléter,À compléter
Municipalité d'Ascot Corner,OP-2528,41055,3649,0 à 999 personnes,85.45,Estrie (05),MRC Le Haut-Saint-François (410),À compléter,À compléter,population desservie 790; indice de fuites 3.784; validité des audits 61 %; consommation résidentielle 171 L/personne/jour,"Répertoire des municipalités du Québec (MAMH, publié le Fri, 25 Sep 2026 11:00:13 GMT) et Stratégie québécoise d'économie d'eau potable 2024 (MAMH); téléchargés le 2026-09-29",À compléter
Régie Intermunicipale de traitement des matières résiduelles des MRC de la Matapédia et de la Mitis,OP-70312,À compléter,À compléter,À compléter,À compléter,À compléter,À compléter,À compléter,À compléter,À compléter,À compléter,À compléter
Municipalité de Pointe-à-la-Croix,OP-36469,06030,1293,À compléter,415.34,Gaspésie--Îles-de-la-Madeleine (11),MRC Avignon (060),À compléter,À compléter,indice de fuites 4.199,"Répertoire des municipalités du Québec (MAMH, publié le Fri, 25 Sep 2026 11:00:13 GMT) et Stratégie québécoise d'économie d'eau potable 2024 (MAMH); téléchargés le 2026-09-29",À compléter
MRC de La Rivière du Nord,OP-25180,AR750,150820,À compléter,466.3,Laurentides (15),À compléter,À compléter,À compléter,À compléter,"Répertoire des municipalités du Québec (MAMH, publié le Fri, 25 Sep 2026 11:00:13 GMT) et Stratégie québécoise d'économie d'eau potable 2024 (MAMH); téléchargés le 2026-09-29",À compléter
Ville de Grande-Rivière,OP-2454,02015,3307,À compléter,105.87,Gaspésie--Îles-de-la-Madeleine (11),MRC Le Rocher-Percé (020),À compléter,À compléter,À compléter,"Répertoire des municipalités du Québec (MAMH, publié le Fri, 25 Sep 2026 11:00:13 GMT) et Stratégie québécoise d'économie d'eau potable 2024 (MAMH); téléchargés le 2026-09-29",À compléter
Municipalité de Saint-Elzéar,OP-59113,À compléter,À compléter,À compléter,À compléter,À compléter,À compléter,À compléter,À compléter,À compléter,À compléter,À compléter
MRC du Rocher Percé,OP-70405,AR020,16990,À compléter,3276.79,Gaspésie--Îles-de-la-Madeleine (11),À compléter,À compléter,À compléter,À compléter,"Répertoire des municipalités du Québec (MAMH, publié le Fri, 25 Sep 2026 11:00:13 GMT) et Stratégie québécoise d'économie d'eau potable 2024 (MAMH); téléchargés le 2026-09-29",À compléter
Régie régionale de gestion des matières résiduelles de Portneuf,OP-70289,À compléter,À compléter,À compléter,À compléter,À compléter,À compléter,À compléter,À compléter,À compléter,À compléter,À compléter
Municipalité du Village de Val-David,OP-25088,78010,5932,5 000 à 9 999 personnes,43.87,Laurentides (15),MRC Les Laurentides (780),À compléter,À compléter,population desservie 5216; indice de fuites 7.753; validité des audits 47 %; consommation résidentielle 207 L/personne/jour,"Répertoire des municipalités du Québec (MAMH, publié le Fri, 25 Sep 2026 11:00:13 GMT) et Stratégie québécoise d'économie d'eau potable 2024 (MAMH); téléchargés le 2026-09-29",À compléter
Municipalité Sainte-Françoise,OP-13859,À compléter,À compléter,À compléter,À compléter,À compléter,À compléter,À compléter,À compléter,À compléter,À compléter,À compléter
Municipalité d'Albertville,OP-13912,07025,262,À compléter,104.71,Bas-Saint-Laurent (01),MRC La Matapédia (070),À compléter,À compléter,À compléter,"Répertoire des municipalités du Québec (MAMH, publié le Fri, 25 Sep 2026 11:00:13 GMT) et Stratégie québécoise d'économie d'eau potable 2024 (MAMH); téléchargés le 2026-09-29",À compléter
Ville de Sainte-Marthe-sur-le-Lac,OP-25050,72015,21914,10 000 à 49 999 personnes,12.82,Laurentides (15),MRC Deux-Montagnes (720),À compléter,À compléter,population desservie 20490; indice de fuites 2.548; validité des audits 60 %; consommation résidentielle 215 L/personne/jour,"Répertoire des municipalités du Québec (MAMH, publié le Fri, 25 Sep 2026 11:00:13 GMT) et Stratégie québécoise d'économie d'eau potable 2024 (MAMH); téléchargés le 2026-09-29",À compléter
Ville d'Amos,OP-81654,88057,13849,À compléter,551.18,Abitibi-Témiscamingue (08),MRC Abitibi (880),À compléter,À compléter,À compléter,"Répertoire des municipalités du Québec (MAMH, publié le Fri, 25 Sep 2026 11:00:13 GMT) et Stratégie québécoise d'économie d'eau potable 2024 (MAMH); téléchargés le 2026-09-29",À compléter
Municipalité de Saint-Adrien-d'Irlande,OP-25070,31095,353,0 à 999 personnes,53.02,Chaudière-Appalaches (12),MRC Les Appalaches (310),À compléter,À compléter,population desservie 72; indice de fuites 0.661; validité des audits 57 %; consommation résidentielle 103 L/personne/jour,"Répertoire des municipalités du Québec (MAMH, publié le Fri, 25 Sep 2026 11:00:13 GMT) et Stratégie québécoise d'économie d'eau potable 2024 (MAMH); téléchargés le 2026-09-29",À compléter
Ville de Cowansville,OP-59283,46080,17318,Aucune donnée,48.54,Estrie (05),MRC Brome-Missisquoi (460),À compléter,À compléter,À compléter,"Répertoire des municipalités du Québec (MAMH, publié le Fri, 25 Sep 2026 11:00:13 GMT) et Stratégie québécoise d'économie d'eau potable 2024 (MAMH); téléchargés le 2026-09-29",À compléter
Municipalité de Saint-Fabien,OP-2408,10070,1864,Aucune donnée,125.17,Bas-Saint-Laurent (01),MRC Rimouski-Neigette (100),À compléter,À compléter,À compléter,"Répertoire des municipalités du Québec (MAMH, publié le Fri, 25 Sep 2026 11:00:13 GMT) et Stratégie québécoise d'économie d'eau potable 2024 (MAMH); téléchargés le 2026-09-29",À compléter
Municipalité du Canton d'Arundel,OP-70468,78060,601,Aucune donnée,67.94,Laurentides (15),MRC Les Laurentides (780),À compléter,À compléter,À compléter,"Répertoire des municipalités du Québec (MAMH, publié le Fri, 25 Sep 2026 11:00:13 GMT) et Stratégie québécoise d'économie d'eau potable 2024 (MAMH); téléchargés le 2026-09-29",À compléter
Municipalité de Val-des-Monts,OP-36492,82015,14593,Aucune donnée,480.01,Outaouais (07),MRC Les Collines-de-l'Outaouais (820),À compléter,À compléter,À compléter,"Répertoire des municipalités du Québec (MAMH, publié le Fri, 25 Sep 2026 11:00:13 GMT) et Stratégie québécoise d'économie d'eau potable 2024 (MAMH); téléchargés le 2026-09-29",À compléter
Municipalité de Colombier,OP-36396,95050,614,Aucune donnée,386.41,Côte-Nord (09),MRC La Haute-Côte-Nord (950),À compléter,À compléter,À compléter,"Répertoire des municipalités du Québec (MAMH, publié le Fri, 25 Sep 2026 11:00:13 GMT) et Stratégie québécoise d'économie d'eau potable 2024 (MAMH); téléchargés le 2026-09-29",À compléter
Municipalité Kazabazua,OP-36571,83015,1083,Aucune donnée,182.17,Outaouais (07),MRC La Vallée-de-la-Gatineau (830),À compléter,À compléter,À compléter,"Répertoire des municipalités du Québec (MAMH, publié le Fri, 25 Sep 2026 11:00:13 GMT) et Stratégie québécoise d'économie d'eau potable 2024 (MAMH); téléchargés le 2026-09-29",À compléter
Municipalité de Boileau,OP-91532,80115,414,Aucune donnée,140.93,Outaouais (07),MRC Papineau (800),À compléter,À compléter,À compléter,"Répertoire des municipalités du Québec (MAMH, publié le Fri, 25 Sep 2026 11:00:13 GMT) et Stratégie québécoise d'économie d'eau potable 2024 (MAMH); téléchargés le 2026-09-29",À compléter
Municipalité de Lacolle,OP-70496,56023,2804,1 000 à 4 999 personnes,53.24,Montérégie (16),MRC Le Haut-Richelieu (560),À compléter,À compléter,population desservie 2387; indice de fuites 4.258; validité des audits 42 %; consommation résidentielle 395 L/personne/jour,"Répertoire des municipalités du Québec (MAMH, publié le Fri, 25 Sep 2026 11:00:13 GMT) et Stratégie québécoise d'économie d'eau potable 2024 (MAMH); téléchargés le 2026-09-29",À compléter
MRC de Vaudreuil-Soulanges,OP-47779,AR710,170687,À compléter,1016.98,Montérégie (16),À compléter,À compléter,À compléter,À compléter,"Répertoire des municipalités du Québec (MAMH, publié le Fri, 25 Sep 2026 11:00:13 GMT) et Stratégie québécoise d'économie d'eau potable 2024 (MAMH); téléchargés le 2026-09-29",À compléter
Office Municipal d'Habitation de Saguenay,OP-47947,À compléter,À compléter,À compléter,À compléter,À compléter,À compléter,À compléter,À compléter,À compléter,À compléter,À compléter
Partenariat du Quartier des spectacles,OP-47824,À compléter,À compléter,À compléter,À compléter,À compléter,À compléter,À compléter,À compléter,À compléter,À compléter,À compléter
Municipalité de Messines,OP-25213,83060,1693,Aucune donnée,129.48,Outaouais (07),MRC La Vallée-de-la-Gatineau (830),À compléter,À compléter,À compléter,"Répertoire des municipalités du Québec (MAMH, publié le Fri, 25 Sep 2026 11:00:13 GMT) et Stratégie québécoise d'économie d'eau potable 2024 (MAMH); téléchargés le 2026-09-29",À compléter
Municipalité Deschambault-Grondines,OP-47875,34058,2255,1 000 à 4 999 personnes,152.36,Capitale-Nationale (03),MRC Portneuf (340),À compléter,À compléter,population desservie 2260; indice de fuites 1.444; validité des audits 57 %; consommation résidentielle 271 L/personne/jour,"Répertoire des municipalités du Québec (MAMH, publié le Fri, 25 Sep 2026 11:00:13 GMT) et Stratégie québécoise d'économie d'eau potable 2024 (MAMH); téléchargés le 2026-09-29",À compléter
Municipalité de Sainte-Perpétue (de L'Islet),OP-59054,À compléter,À compléter,À compléter,À compléter,À compléter,À compléter,À compléter,À compléter,À compléter,À compléter,À compléter
Paroisse Saint-Sulpice,OP-36462,60020,3671,1 000 à 4 999 personnes,52.73,Lanaudière (14),MRC L'Assomption (600),À compléter,À compléter,population desservie 3859; indice de fuites 1.859; validité des audits 67 %; consommation résidentielle 178 L/personne/jour,"Répertoire des municipalités du Québec (MAMH, publié le Fri, 25 Sep 2026 11:00:13 GMT) et Stratégie québécoise d'économie d'eau potable 2024 (MAMH); téléchargés le 2026-09-29",À compléter
Municipalité de Sainte-Hedwidge,OP-36357,91030,953,0 à 999 personnes,479.55,Saguenay--Lac-Saint-Jean (02),MRC Le Domaine-du-Roy (910),À compléter,À compléter,population desservie 658; indice de fuites 0.643; validité des audits 57 %; consommation résidentielle 186 L/personne/jour,"Répertoire des municipalités du Québec (MAMH, publié le Fri, 25 Sep 2026 11:00:13 GMT) et Stratégie québécoise d'économie d'eau potable 2024 (MAMH); téléchargés le 2026-09-29",À compléter
"Société du Musée d'archéologie et d'histoire de Montréal, Pointe-à-Callière",OP-25199,À compléter,À compléter,À compléter,À compléter,À compléter,À compléter,À compléter,À compléter,À compléter,À compléter,À compléter
Ville de Nicolet,OP-59247,50072,8746,5 000 à 9 999 personnes,129.3,Centre-du-Québec (17),MRC Nicolet-Yamaska (500),À compléter,À compléter,"population desservie 8889; indice de fuites 3,05; validité des audits 62 %; consommation résidentielle 267 L/personne/jour","Répertoire des municipalités du Québec (MAMH) et Stratégie québécoise d'économie d'eau potable 2024 (MAMH), consultés le 2026-09-29",Contrat PGA-Eau de 77 062 $ en août 2026. Absente de l'export hebdomadaire. Proximité de l'eau et type de milieu restent à documenter.
Ville de Windsor,OP-25170,42088,5400,5 000 à 9 999 personnes,14.93,Estrie (05),MRC Le Val-Saint-François (420),À compléter,À compléter,"population desservie 5271; indice de fuites 4,78; validité des audits 56 %; consommation résidentielle 195 L/personne/jour","Répertoire des municipalités du Québec (MAMH) et Stratégie québécoise d'économie d'eau potable 2024 (MAMH), consultés le 2026-09-29","Contrat PGA-Eau en août 2026, montant non publié. Absente de l'export hebdomadaire. Proximité de l'eau et type de milieu restent à documenter."
